{
"textures": {
    "aluminum_wire": "galacticraftcore:blocks/aluminum_wire",
	"particle": "galacticraftcore:blocks/aluminum_wire"
},
"elements": [ 
{
    "__comment": "Middle",
    "from": [ 6.5, 6.5, 6.5 ],
    "to": [ 9.5, 9.5, 9.5 ],
    "faces": {
        "down":  { "uv": [ 12.11, 4.11, 15.89, 7.89 ], "texture": "#aluminum_wire" },
        "up":    { "uv": [ 12.11, 4.11, 15.89, 7.89 ], "texture": "#aluminum_wire" },
        "north": { "uv": [ 12.11, 4.11, 15.89, 7.89 ], "texture": "#aluminum_wire" },
        "south": { "uv": [ 12.11, 4.11, 15.89, 7.89 ], "texture": "#aluminum_wire" },
        "west":  { "uv": [ 12.11, 4.11, 15.89, 7.89 ], "texture": "#aluminum_wire" },
        "east":  { "uv": [ 12.11, 4.11, 15.89, 7.89 ], "texture": "#aluminum_wire" }
    }
}
]
}