{
"__comment": "Designed by - with BDcraft Cubik PRO 0.93 Beta - http://bdcraft.net",
"textures": {
    "aluminum_wire": "galacticraftcore:blocks/aluminum_wire",
	"particle": "galacticraftcore:blocks/aluminum_wire"
},
"elements": [ 
{
    "__comment": "Middle",
    "from": [ 6.5, 6.5, 6.5 ],
    "to": [ 9.5, 9.5, 9.5 ],
    "faces": {
        "down":  { "uv": [ 12.11, 4.11, 15.89, 7.89 ], "texture": "#aluminum_wire" },
        "up":    { "uv": [ 12.11, 4.11, 15.89, 7.89 ], "texture": "#aluminum_wire" },
        "north": { "uv": [ 12.11, 4.11, 15.89, 7.89 ], "texture": "#aluminum_wire" },
        "south": { "uv": [ 12.11, 4.11, 15.89, 7.89 ], "texture": "#aluminum_wire" },
        "west":  { "uv": [ 12.11, 4.11, 15.89, 7.89 ], "texture": "#aluminum_wire" },
        "east":  { "uv": [ 12.11, 4.11, 15.89, 7.89 ], "texture": "#aluminum_wire" }
    }
},
{
    "__comment": "North",
    "from": [ 6.5, 6.5, 0 ],
    "to": [ 9.5, 9.5, 6.5 ],
    "faces": {
        "down":  { "uv": [ 0.08, 0.0, 2.92, 6.4 ], "texture": "#aluminum_wire" },
        "up":    { "uv": [ 0.08, 0.0, 2.92, 6.4 ], "texture": "#aluminum_wire" },
        "north": { "uv": [ 12.11, 4.11, 15.89, 7.89 ], "texture": "#aluminum_wire" },
        "south": { "uv": [ 12.11, 4.11, 15.89, 7.89 ], "texture": "#aluminum_wire" },
        "west":  { "uv": [ 0.08, 0.0, 2.92, 6.4 ], "rotation": 90, "texture": "#aluminum_wire" },
        "east":  { "uv": [ 0.08, 0.0, 2.92, 6.4 ], "rotation": 90, "texture": "#aluminum_wire" }
    }
},
{
    "__comment": "Up",
    "from": [ 6.5, 9.5, 6.5 ],
    "to": [ 9.5, 16, 9.5 ],
    "faces": {
        "down":  { "uv": [ 12.11, 4.11, 15.89, 7.89 ], "texture": "#aluminum_wire" },
        "up":    { "uv": [ 12.11, 4.11, 15.89, 7.89 ], "texture": "#aluminum_wire" },
        "north": { "uv": [ 0.08, 0.0, 2.92, 6.5 ], "texture": "#aluminum_wire" },
        "south": { "uv": [ 0.08, 0.0, 2.92, 6.5 ], "texture": "#aluminum_wire" },
        "west":  { "uv": [ 0.08, 0.0, 2.92, 6.5 ], "texture": "#aluminum_wire" },
        "east":  { "uv": [ 0.08, 0.0, 2.92, 6.5 ], "texture": "#aluminum_wire" }
    }
},
{
    "__comment": "Down",
    "from": [ 6.5, 0, 6.5 ],
    "to": [ 9.5, 6.5, 9.5 ],
    "faces": {
        "down":  { "uv": [ 12.11, 4.11, 15.89, 7.89 ], "texture": "#aluminum_wire" },
        "up":    { "uv": [ 12.11, 4.11, 15.89, 7.89 ], "texture": "#aluminum_wire" },
        "north": { "uv": [ 0.08, 0.0, 2.92, 6.5 ], "texture": "#aluminum_wire" },
        "south": { "uv": [ 0.08, 0.0, 2.92, 6.5 ], "texture": "#aluminum_wire" },
        "west":  { "uv": [ 0.08, 0.0, 2.92, 6.5 ], "texture": "#aluminum_wire" },
        "east":  { "uv": [ 0.08, 0.0, 2.92, 6.5 ], "texture": "#aluminum_wire" }
    }
}
]
}