{
	"textures": {
		"texture": "galacticraftcore:blocks/arc_lamp_off",
		"particle": "galacticraftcore:blocks/arc_lamp_off"
	},
	"elements": [ 
{
    "from": [ 0, 2, 2 ],
    "to": [ 1, 14, 14 ],
    "faces": {
        "down":  { "uv": [ 0, 0, 1, 8 ], "texture": "#texture" },
        "up":    { "uv": [ 0, 0, 1, 8 ], "texture": "#texture" },
        "north": { "uv": [ 0, 0, 1, 8 ], "texture": "#texture" },
        "south": { "uv": [ 0, 0, 1, 8 ], "texture": "#texture" },
        "west":  { "uv": [ 0, 0, 8, 8 ], "texture": "#texture" },
        "east":  { "uv": [ 0, 0, 8, 8 ], "texture": "#texture" }
    }
}
]
}