{
	"parent": "block/block",
	"textures": {
		"texture": "galacticraftcore:blocks/arc_lamp_on",
		"particle": "galacticraftcore:blocks/arc_lamp_on"
	},
	"elements": [ 
	{
		"from": [ 2, 0, 2 ],
		"to": [ 14, 1, 14 ],
		"faces": {
			"down":  { "uv": [ 8, 8, 0, 0 ], "texture": "#texture" },
			"up":    { "uv": [ 0, 0, 8, 8 ], "texture": "#texture" },
			"north": { "uv": [ 0, 7, 8, 8 ], "texture": "#texture" },
			"south": { "uv": [ 0, 7, 8, 8 ], "texture": "#texture" },
			"west":  { "uv": [ 0, 7, 8, 8 ], "texture": "#texture" },
			"east":  { "uv": [ 0, 7, 8, 8 ], "texture": "#texture" }
		}
	},
	{
		"from": [ 3.5, -0.5, 3.9375 ],
		"to": [ 11, 2, 12.4375 ],
		"rotation": { "origin": [ 3.5, 2, 3.9375 ], "axis": "z", "angle": 45 },
		"faces": {
			"down":  { "uv": [ 0, 8, 8, 16 ], "texture": "#texture" },
			"up":    { "uv": [ 8, 0, 16, 8 ], "texture": "#texture" },
			"north": { "uv": [ 0, 8, 7.5, 10.5 ], "texture": "#texture" },
			"south": { "uv": [ 0, 8, 7.5, 10.5 ], "texture": "#texture" },
			"west":  { "uv": [ 0, 8, 8, 10.5 ], "texture": "#texture" },
			"east":  { "uv": [ 0, 8, 8, 10.5 ], "texture": "#texture" }
		}
	},
	{
		"from": [ 6, -0.5, 5.5 ],
		"to": [ 11, 1.5, 11 ],
		"rotation": { "origin": [ 6, 1.5, 5.5 ], "axis": "z", "angle": 45 },
		"faces": {
			"down":  { "uv": [ 13.5, 13.5, 8, 8 ], "texture": "#texture" },
			"up":    { "uv": [ 8, 8, 13.5, 13.5 ], "texture": "#texture" },
			"north": { "uv": [ 8, 8, 13.5, 9 ], "texture": "#texture" },
			"south": { "uv": [ 8, 8, 13.5, 9 ], "texture": "#texture" },
			"west":  { "uv": [ 8, 8, 13.5, 9 ], "texture": "#texture" },
			"east":  { "uv": [ 8, 8, 13.5, 9 ], "texture": "#texture" }
		}
	},
	{
		"from": [ 3.3125, 1.1875, 3.875 ],
		"to": [ 10.8125, 2.1875, 4.875 ],
		"rotation": { "origin": [ 3.3125, 2.1875, 3.875 ], "axis": "z", "angle": 45 },
		"faces": {
			"down":  { "uv": [ 0, 8, 7.5, 9 ], "texture": "#texture" },
			"up":    { "uv": [ 0, 8, 7.5, 9 ], "texture": "#texture" },
			"north": { "uv": [ 0, 8, 7.5, 9 ], "texture": "#texture" },
			"south": { "uv": [ 0, 8, 7.5, 9 ], "texture": "#texture" },
			"west":  { "uv": [ 0, 8, 1, 9 ], "texture": "#texture" },
			"east":  { "uv": [ 0, 8, 1, 9 ], "texture": "#texture" }
		}
	},
	{
		"from": [ 3.3125, 1.1875, 11.5 ],
		"to": [ 10.8125, 2.1875, 12.5 ],
		"rotation": { "origin": [ 3.3125, 2.1875, 11.5 ], "axis": "z", "angle": 45 },
		"faces": {
			"down":  { "uv": [ 7, 9, 0, 8 ], "texture": "#texture" },
			"up":    { "uv": [ 0, 8, 7, 9 ], "texture": "#texture" },
			"north": { "uv": [ 0, 8, 7, 9 ], "texture": "#texture" },
			"south": { "uv": [ 0, 8, 7, 9 ], "texture": "#texture" },
			"west":  { "uv": [ 0, 8, 1, 9 ], "texture": "#texture" },
			"east":  { "uv": [ 0, 8, 1, 9 ], "texture": "#texture" }
		}
	},
	{
		"from": [ 7.875, 5.8125, 4.5 ],
		"to": [ 8.875, 6.8125, 12 ],
		"rotation": { "origin": [ 7.875, 6.8125, 4.5 ], "axis": "z", "angle": 45 },
		"faces": {
			"down":  { "uv": [ 1, 16, 0, 8 ], "texture": "#texture" },
			"up":    { "uv": [ 0, 8, 1, 16 ], "texture": "#texture" },
			"north": { "uv": [ 0, 8, 1, 9 ], "texture": "#texture" },
			"south": { "uv": [ 0, 8, 1, 9 ], "texture": "#texture" },
			"west":  { "uv": [ 0, 8, 8, 9 ], "texture": "#texture" },
			"east":  { "uv": [ 0, 8, 8, 9 ], "texture": "#texture" }
		}
	},
	{
		"from": [ 3.25, 1.25, 4.5 ],
		"to": [ 4.25, 2.25, 12 ],
		"rotation": { "origin": [ 3.25, 2.25, 4.5 ], "axis": "z", "angle": 45 },
		"faces": {
			"down":  { "uv": [ 1, 14.5, 0, 8 ], "texture": "#texture" },
			"up":    { "uv": [ 0, 8, 1, 14.5 ], "texture": "#texture" },
			"north": { "uv": [ 0, 8, 1, 9 ], "texture": "#texture" },
			"south": { "uv": [ 0, 8, 1, 9 ], "texture": "#texture" },
			"west":  { "uv": [ 0, 8, 6.5, 9 ], "texture": "#texture" },
			"east":  { "uv": [ 0, 8, 6.5, 9 ], "texture": "#texture" }
		}
	},
	{
		"from": [ 10, 3.5, 10 ],
		"to": [ 14.5, 4, 10.5 ],
		"rotation": { "origin": [ 10, 4, 10 ], "axis": "z", "angle": -45 },
		"faces": {
			"down":  { "uv": [ 10, 10, 14.5, 10.5 ], "texture": "#texture" },
			"up":    { "uv": [ 10, 10, 14.5, 10.5 ], "texture": "#texture" },
			"north": { "uv": [ 10, 12, 14.5, 12.5 ], "texture": "#texture" },
			"south": { "uv": [ 10, 12, 14.5, 12.5 ], "texture": "#texture" },
			"west":  { "uv": [ 10, 12, 10.5, 12.5 ], "texture": "#texture" },
			"east":  { "uv": [ 10, 12, 10.5, 12.5 ], "texture": "#texture" }
		}
	},
	{
		"from": [ 10.25, 3.25, 6 ],
		"to": [ 14.75, 3.75, 6.5 ],
		"rotation": { "origin": [ 10.25, 3.75, 6 ], "axis": "z", "angle": -45 },
		"faces": {
			"down":  { "uv": [ 10, 10.5, 14.5, 11 ], "texture": "#texture" },
			"up":    { "uv": [ 10, 11, 14.5, 11.5 ], "texture": "#texture" },
			"north": { "uv": [ 10.25, 12.25, 14.75, 12.75 ], "texture": "#texture" },
			"south": { "uv": [ 10.25, 12.25, 14.75, 12.75 ], "texture": "#texture" },
			"west":  { "uv": [ 12.5, 12.5, 13, 13 ], "texture": "#texture" },
			"east":  { "uv": [ 12.5, 11, 13, 11.5 ], "texture": "#texture" }
		}
	}
	]
}