{
    "elements": [
        {   "from": [ 0, 0, 0 ],
            "to": [ 0, 0, 0 ],
            "faces": {
                "down":  { "texture": "#down", "cullface": "down" },
                "up":    { "texture": "#up", "cullface": "up" },
                "north": { "texture": "#north", "cullface": "north" },
                "south": { "texture": "#south", "cullface": "south" },
                "west":  { "texture": "#west", "cullface": "west" },
                "east":  { "texture": "#east", "cullface": "east" }
            }
        }
    ],
    "textures": {
        "particle": "galacticraftcore:blocks/buggy_pad_full",
        "down": "galacticraftcore:blocks/buggy_pad_full",
        "up": "galacticraftcore:blocks/buggy_pad_full",
        "north": "galacticraftcore:blocks/buggy_pad_full",
        "east": "galacticraftcore:blocks/buggy_pad_full",
        "south": "galacticraftcore:blocks/buggy_pad_full",
        "west": "galacticraftcore:blocks/buggy_pad_full"
    }
}