{
	"parent": "block/block",
    "textures": {
        "particle": "galacticraftcore:blocks/cheese_2",
        "bottom": "galacticraftcore:blocks/cheese_1",
        "top": "galacticraftcore:blocks/cheese_1",
        "side": "galacticraftcore:blocks/cheese_2"
    },
    "elements": [
        {   "from": [ 1, 0, 1 ],
            "to": [ 15, 8, 15 ],
            "faces": {
                "down":  { "texture": "#bottom", "cullface": "down" },
                "up":    { "texture": "#top" },
                "north": { "texture": "#side" },
                "south": { "texture": "#side" },
                "west":  { "texture": "#side" },
                "east":  { "texture": "#side" }
            }
        }
    ]
}
