{
"textures": {
    "texture": "galacticraftcore:blocks/cryo_0",
    "particle": "galacticraftcore:blocks/cryo_0",
    "cryo_1": "galacticraftcore:blocks/cryo_1"
},
"elements": [ 
{
    "from": [ 0, 0, 0 ],
    "to": [ 2, 16, 8 ],
    "faces": {
        "down":  { "uv": [ 16, 8, 14, 0 ], "texture": "#texture" },
        "up":    { "uv": [ 0, 0, 2, 8 ], "texture": "#texture" },
        "north": { "uv": [ 14, 0, 16, 16 ], "texture": "#texture" },
        "south": { "uv": [ 0, 0, 2, 16 ], "texture": "#texture" },
        "west":  { "uv": [ 0, 0, 8, 16 ], "texture": "#texture" },
        "east":  { "uv": [ 8, 0, 16, 16 ], "texture": "#texture" }
    }
},
{
    "from": [ 14, 0, 0 ],
    "to": [ 16, 16, 8 ],
    "faces": {
        "down":  { "uv": [ 2, 8, 0, 0 ], "texture": "#texture" },
        "up":    { "uv": [ 14, 0, 16, 8 ], "texture": "#texture" },
        "north": { "uv": [ 0, 0, 2, 16 ], "texture": "#texture" },
        "south": { "uv": [ 14, 0, 16, 16 ], "texture": "#texture" },
        "west":  { "uv": [ 0, 0, 8, 16 ], "texture": "#texture" },
        "east":  { "uv": [ 8, 0, 16, 16 ], "texture": "#texture" }
    }
},
{
    "from": [ 2, 0, 0 ],
    "to": [ 14, 16, 1 ],
    "faces": {
        "down":  { "uv": [ 14, 1, 2, 0 ], "texture": "#texture" },
        "up":    { "uv": [ 2, 0, 14, 1 ], "texture": "#texture" },
        "north": { "uv": [ 2, 0, 14, 14 ], "texture": "#texture" },
        "south": { "uv": [ 2, 0, 14, 14 ], "texture": "#texture" },
        "west":  { "uv": [ 0, 0, 1, 14 ], "texture": "#texture" },
        "east":  { "uv": [ 15, 0, 16, 14 ], "texture": "#texture" }
    }
},
{
    "from": [ 3, 0, 14 ],
    "to": [ 13, 1, 15 ],
    "faces": {
        "down":  { "uv": [ 13, 15, 3, 14 ], "texture": "#cryo_1" },
        "up":    { "uv": [ 3, 14, 13, 15 ], "texture": "#cryo_1" },
        "north": { "uv": [ 3, 15, 13, 16 ], "texture": "#cryo_1" },
        "south": { "uv": [ 3, 15, 13, 16 ], "texture": "#cryo_1" },
        "west":  { "uv": [ 14, 15, 15, 16 ], "texture": "#cryo_1" },
        "east":  { "uv": [ 1, 15, 2, 16 ], "texture": "#cryo_1" }
    }
},
{
    "from": [ 2, 0, 12 ],
    "to": [ 3, 1, 14 ],
    "faces": {
        "down":  { "uv": [ 14, 14, 13, 12 ], "texture": "#cryo_1" },
        "up":    { "uv": [ 2, 12, 3, 14 ], "texture": "#cryo_1" },
        "north": { "uv": [ 13, 15, 14, 16 ], "texture": "#cryo_1" },
        "south": { "uv": [ 2, 15, 3, 16 ], "texture": "#cryo_1" },
        "west":  { "uv": [ 12, 15, 14, 16 ], "texture": "#cryo_1" },
        "east":  { "uv": [ 2, 15, 4, 16 ], "texture": "#cryo_1" }
    }
},
{
    "from": [ 13, 0, 12 ],
    "to": [ 14, 1, 14 ],
    "faces": {
        "down":  { "uv": [ 3, 14, 2, 12 ], "texture": "#cryo_1" },
        "up":    { "uv": [ 13, 12, 14, 14 ], "texture": "#cryo_1" },
        "north": { "uv": [ 2, 15, 3, 16 ], "texture": "#cryo_1" },
        "south": { "uv": [ 13, 15, 14, 16 ], "texture": "#cryo_1" },
        "west":  { "uv": [ 12, 15, 14, 16 ], "texture": "#cryo_1" },
        "east":  { "uv": [ 2, 15, 4, 16 ], "texture": "#cryo_1" }
    }
},
{
    "from": [ 1, 0, 8 ],
    "to": [ 2, 1, 12 ],
    "faces": {
        "down":  { "uv": [ 15, 12, 14, 8 ], "texture": "#cryo_1" },
        "up":    { "uv": [ 1, 8, 2, 12 ], "texture": "#cryo_1" },
        "north": { "uv": [ 14, 15, 15, 16 ], "texture": "#cryo_1" },
        "south": { "uv": [ 1, 15, 2, 16 ], "texture": "#cryo_1" },
        "west":  { "uv": [ 8, 15, 12, 16 ], "texture": "#cryo_1" },
        "east":  { "uv": [ 4, 15, 8, 16 ], "texture": "#cryo_1" }
    }
},
{
    "from": [ 14, 0, 8 ],
    "to": [ 15, 1, 12 ],
    "faces": {
        "down":  { "uv": [ 2, 12, 1, 8 ], "texture": "#cryo_1" },
        "up":    { "uv": [ 14, 8, 15, 12 ], "texture": "#cryo_1" },
        "north": { "uv": [ 1, 15, 2, 16 ], "texture": "#cryo_1" },
        "south": { "uv": [ 14, 15, 15, 16 ], "texture": "#cryo_1" },
        "west":  { "uv": [ 8, 15, 12, 16 ], "texture": "#cryo_1" },
        "east":  { "uv": [ 4, 15, 8, 16 ], "texture": "#cryo_1" }
    }
},
{
    "from": [ 2, 0, 1 ],
    "to": [ 3, 16, 2 ],
    "faces": {
        "down":  { "uv": [ 14, 2, 13, 1 ], "texture": "#texture" },
        "up":    { "uv": [ 2, 1, 3, 2 ], "texture": "#texture" },
        "north": { "uv": [ 13, 0, 14, 14 ], "texture": "#texture" },
        "south": { "uv": [ 2, 0, 3, 14 ], "texture": "#texture" },
        "west":  { "uv": [ 1, 0, 2, 14 ], "texture": "#texture" },
        "east":  { "uv": [ 14, 0, 15, 14 ], "texture": "#texture" }
    }
},
{
    "from": [ 13, 0, 1 ],
    "to": [ 14, 16, 2 ],
    "faces": {
        "down":  { "uv": [ 3, 2, 2, 1 ], "texture": "#texture" },
        "up":    { "uv": [ 13, 1, 14, 2 ], "texture": "#texture" },
        "north": { "uv": [ 2, 0, 3, 14 ], "texture": "#texture" },
        "south": { "uv": [ 13, 0, 14, 14 ], "texture": "#texture" },
        "west":  { "uv": [ 1, 0, 2, 14 ], "texture": "#texture" },
        "east":  { "uv": [ 14, 0, 15, 14 ], "texture": "#texture" }
    }
},
{
    "from": [ 1, 13, 8 ],
    "to": [ 2, 16, 12 ],
    "faces": {
        "down":  { "uv": [ 15, 12, 14, 8 ], "texture": "#cryo_1" },
        "up":    { "uv": [ 1, 8, 2, 12 ], "texture": "#cryo_1" },
        "north": { "uv": [ 14, 0, 15, 3 ], "texture": "#cryo_1" },
        "south": { "uv": [ 1, 0, 2, 3 ], "texture": "#cryo_1" },
        "west":  { "uv": [ 8, 0, 12, 3 ], "texture": "#cryo_1" },
        "east":  { "uv": [ 4, 0, 8, 3 ], "texture": "#cryo_1" }
    }
},
{
    "from": [ 14, 13, 8 ],
    "to": [ 15, 16, 12 ],
    "faces": {
        "down":  { "uv": [ 2, 12, 1, 8 ], "texture": "#cryo_1" },
        "up":    { "uv": [ 14, 8, 15, 12 ], "texture": "#cryo_1" },
        "north": { "uv": [ 1, 0, 2, 3 ], "texture": "#cryo_1" },
        "south": { "uv": [ 14, 0, 15, 3 ], "texture": "#cryo_1" },
        "west":  { "uv": [ 8, 0, 12, 3 ], "texture": "#cryo_1" },
        "east":  { "uv": [ 4, 0, 8, 3 ], "texture": "#cryo_1" }
    }
},
{
    "from": [ 2, 13, 12 ],
    "to": [ 3, 16, 14 ],
    "faces": {
        "down":  { "uv": [ 14, 14, 13, 12 ], "texture": "#cryo_1" },
        "up":    { "uv": [ 2, 12, 3, 14 ], "texture": "#cryo_1" },
        "north": { "uv": [ 13, 0, 14, 3 ], "texture": "#cryo_1" },
        "south": { "uv": [ 2, 0, 3, 3 ], "texture": "#cryo_1" },
        "west":  { "uv": [ 12, 0, 14, 3 ], "texture": "#cryo_1" },
        "east":  { "uv": [ 2, 0, 4, 3 ], "texture": "#cryo_1" }
    }
},
{
    "from": [ 13, 13, 12 ],
    "to": [ 14, 16, 14 ],
    "faces": {
        "down":  { "uv": [ 3, 14, 2, 12 ], "texture": "#cryo_1" },
        "up":    { "uv": [ 13, 12, 14, 14 ], "texture": "#cryo_1" },
        "north": { "uv": [ 2, 0, 3, 3 ], "texture": "#cryo_1" },
        "south": { "uv": [ 13, 0, 14, 3 ], "texture": "#cryo_1" },
        "west":  { "uv": [ 12, 0, 14, 3 ], "texture": "#cryo_1" },
        "east":  { "uv": [ 2, 0, 4, 3 ], "texture": "#cryo_1" }
    }
},
{
    "from": [ 3, 13, 14 ],
    "to": [ 13, 16, 15 ],
    "faces": {
        "down":  { "uv": [ 13, 15, 3, 14 ], "texture": "#cryo_1" },
        "up":    { "uv": [ 3, 14, 13, 15 ], "texture": "#cryo_1" },
        "north": { "uv": [ 3, 0, 13, 3 ], "texture": "#cryo_1" },
        "south": { "uv": [ 3, 0, 13, 3 ], "texture": "#cryo_1" },
        "west":  { "uv": [ 14, 0, 15, 3 ], "texture": "#cryo_1" },
        "east":  { "uv": [ 1, 0, 2, 3 ], "texture": "#cryo_1" }
    }
}
]
}