{
"textures": {
    "texture": "galacticraftcore:blocks/cryo_0",
    "particle": "galacticraftcore:blocks/cryo_0",
    "cryo_1": "galacticraftcore:blocks/cryo_1"
},
"elements": [ 
{
    "from": [ 0, 0, 0 ],
    "to": [ 2, 12, 8 ],
    "faces": {
        "down":  { "uv": [ 16, 8, 14, 0 ], "texture": "#texture" },
        "up":    { "uv": [ 0, 0, 2, 8 ], "texture": "#texture" },
        "north": { "uv": [ 14, 4, 16, 16 ], "texture": "#texture" },
        "south": { "uv": [ 0, 4, 2, 16 ], "texture": "#texture" },
        "west":  { "uv": [ 0, 4, 8, 16 ], "texture": "#texture" },
        "east":  { "uv": [ 8, 4, 16, 16 ], "texture": "#texture" }
    }
},
{
    "from": [ 14, 0, 0 ],
    "to": [ 16, 12, 8 ],
    "faces": {
        "down":  { "uv": [ 2, 8, 0, 0 ], "texture": "#texture" },
        "up":    { "uv": [ 14, 0, 16, 8 ], "texture": "#texture" },
        "north": { "uv": [ 0, 4, 2, 16 ], "texture": "#texture" },
        "south": { "uv": [ 14, 4, 16, 16 ], "texture": "#texture" },
        "west":  { "uv": [ 0, 4, 8, 16 ], "texture": "#texture" },
        "east":  { "uv": [ 8, 4, 16, 16 ], "texture": "#texture" }
    }
},
{
    "from": [ 2, 0, 0 ],
    "to": [ 14, 12, 1 ],
    "faces": {
        "down":  { "uv": [ 14, 1, 2, 0 ], "texture": "#texture" },
        "up":    { "uv": [ 2, 0, 14, 1 ], "texture": "#texture" },
        "north": { "uv": [ 2, 4, 14, 16 ], "texture": "#texture" },
        "south": { "uv": [ 2, 4, 14, 16 ], "texture": "#texture" },
        "west":  { "uv": [ 0, 4, 1, 16 ], "texture": "#texture" },
        "east":  { "uv": [ 15, 4, 16, 16 ], "texture": "#texture" }
    }
},
{
    "from": [ 2, 0, 1 ],
    "to": [ 3, 12, 2 ],
    "faces": {
        "down":  { "uv": [ 14, 2, 13, 1 ], "texture": "#texture" },
        "up":    { "uv": [ 2, 1, 3, 2 ], "texture": "#texture" },
        "north": { "uv": [ 13, 4, 14, 16 ], "texture": "#texture" },
        "south": { "uv": [ 2, 4, 3, 16 ], "texture": "#texture" },
        "west":  { "uv": [ 1, 4, 2, 16 ], "texture": "#texture" },
        "east":  { "uv": [ 14, 4, 15, 16 ], "texture": "#texture" }
    }
},
{
    "from": [ 13, 0, 1 ],
    "to": [ 14, 12, 2 ],
    "faces": {
        "down":  { "uv": [ 3, 2, 2, 1 ], "texture": "#texture" },
        "up":    { "uv": [ 13, 1, 14, 2 ], "texture": "#texture" },
        "north": { "uv": [ 2, 4, 3, 16 ], "texture": "#texture" },
        "south": { "uv": [ 13, 4, 14, 16 ], "texture": "#texture" },
        "west":  { "uv": [ 1, 4, 2, 16 ], "texture": "#texture" },
        "east":  { "uv": [ 14, 4, 15, 16 ], "texture": "#texture" }
    }
},
{
    "from": [ 0, 12, 0 ],
    "to": [ 16, 16, 9 ],
    "faces": {
        "down":  { "uv": [ 16, 9, 0, 0 ], "texture": "#texture" },
        "up":    { "uv": [ 0, 0, 16, 9 ], "texture": "#texture" },
        "north": { "uv": [ 0, 0, 16, 4 ], "texture": "#texture" },
        "south": { "uv": [ 0, 0, 16, 4 ], "texture": "#texture" },
        "west":  { "uv": [ 0, 0, 9, 4 ], "texture": "#texture" },
        "east":  { "uv": [ 7, 0, 16, 4 ], "texture": "#texture" }
    }
},
{
    "from": [ 0, 13, 9 ],
    "to": [ 16, 16, 10 ],
    "faces": {
        "down":  { "uv": [ 16, 10, 0, 9 ], "texture": "#texture" },
        "up":    { "uv": [ 0, 9, 16, 10 ], "texture": "#texture" },
        "north": { "uv": [ 0, 0, 16, 3 ], "texture": "#texture" },
        "south": { "uv": [ 0, 0, 16, 3 ], "texture": "#texture" },
        "west":  { "uv": [ 9, 0, 10, 3 ], "texture": "#texture" },
        "east":  { "uv": [ 6, 0, 7, 3 ], "texture": "#texture" }
    }
}
]
}