{
    "textures": {
        "0": "galacticraftcore:blocks/emergency_box",
        "1": "galacticraftcore:items/emergency_kit"
    },
    "elements": [
        {
            "name": "Cube",
            "from": [ 0.0, 0.0, 0.0 ], 
            "to": [ 16.0, 2.0, 16.0 ], 
            "faces": {
                "north": { "texture": "#0", "uv": [ 0.0, 14.0, 16.0, 16.0 ] },
                "east": { "texture": "#0", "uv": [ 0.0, 14.0, 16.0, 16.0 ] },
                "south": { "texture": "#0", "uv": [ 0.0, 14.0, 16.0, 16.0 ] },
                "west": { "texture": "#0", "uv": [ 0.0, 14.0, 16.0, 16.0 ] },
                "up": { "texture": "#0", "uv": [ 0.0, 0.0, 16.0, 16.0 ] },
                "down": { "texture": "#0", "uv": [ 0.0, 0.0, 16.0, 16.0 ] }
            }
        },
        {
            "name": "Cube",
            "from": [ 0.0, 14.0, 0.0 ], 
            "to": [ 16.0, 16.0, 16.0 ], 
            "faces": {
                "north": { "texture": "#0", "uv": [ 0.0, 0.0, 16.0, 2.0 ] },
                "east": { "texture": "#0", "uv": [ 0.0, 0.0, 16.0, 2.0 ] },
                "south": { "texture": "#0", "uv": [ 0.0, 0.0, 16.0, 2.0 ] },
                "west": { "texture": "#0", "uv": [ 0.0, 0.0, 16.0, 2.0 ] },
                "up": { "texture": "#0", "uv": [ 0.0, 0.0, 16.0, 16.0 ] },
                "down": { "texture": "#0", "uv": [ 0.0, 0.0, 16.0, 16.0 ] }
            }
        },
        {
            "name": "Cube",
            "from": [ 0.0, 2.0, 0.0 ], 
            "to": [ 1.0, 14.0, 2.0 ], 
            "faces": {
                "north": { "texture": "#0", "uv": [ 15.0, 2.0, 16.0, 14.0 ] },
                "east": { "texture": "#0", "uv": [ 0.0, 2.0, 2.0, 14.0 ] },
                "south": { "texture": "#0", "uv": [ 0.0, 2.0, 1.0, 14.0 ] },
                "west": { "texture": "#0", "uv": [ 0.0, 2.0, 2.0, 14.0 ] }
            }
        },
        {
            "name": "Cube",
            "from": [ 15.0, 2.0, 0.0 ], 
            "to": [ 16.0, 14.0, 2.0 ], 
            "faces": {
                "north": { "texture": "#0", "uv": [ 0.0, 2.0, 1.0, 14.0 ] },
                "east": { "texture": "#0", "uv": [ 14.0, 2.0, 16.0, 14.0 ] },
                "south": { "texture": "#0", "uv": [ 14.0, 2.0, 15.0, 14.0 ] },
                "west": { "texture": "#0", "uv": [ 0.0, 2.0, 2.0, 14.0 ] }
            }
        },
        {
            "name": "Cube",
            "from": [ 15.0, 2.0, 14.0 ], 
            "to": [ 16.0, 14.0, 16.0 ], 
            "faces": {
                "north": { "texture": "#0", "uv": [ 0.0, 2.0, 1.0, 14.0 ] },
                "east": { "texture": "#0", "uv": [ 0.0, 2.0, 2.0, 14.0 ] },
                "south": { "texture": "#0", "uv": [ 15.0, 2.0, 16.0, 14.0 ] },
                "west": { "texture": "#0", "uv": [ 14.0, 2.0, 16.0, 14.0 ] }
            }
        },
        {
            "name": "Cube",
            "from": [ 0.0, 2.0, 14.0 ], 
            "to": [ 1.0, 14.0, 16.0 ], 
            "faces": {
                "north": { "texture": "#0", "uv": [ 14.0, 2.0, 15.0, 14.0 ] },
                "east": { "texture": "#0", "uv": [ 0.0, 2.0, 2.0, 14.0 ] },
                "south": { "texture": "#0", "uv": [ 0.0, 2.0, 1.0, 14.0 ] },
                "west": { "texture": "#0", "uv": [ 14.0, 2.0, 16.0, 14.0 ] }
            }
        },
        {
            "name": "Cube",
            "from": [ 1.0, 2.0, 0.0 ], 
            "to": [ 2.0, 14.0, 1.0 ], 
            "faces": {
                "north": { "texture": "#0", "uv": [ 14.0, 2.0, 15.0, 14.0 ] },
                "east": { "texture": "#0", "uv": [ 14.0, 2.0, 15.0, 14.0 ] },
                "south": { "texture": "#0", "uv": [ 1.0, 2.0, 2.0, 14.0 ] }
            }
        },
        {
            "name": "Cube",
            "from": [ 14.0, 2.0, 0.0 ], 
            "to": [ 15.0, 14.0, 1.0 ], 
            "faces": {
                "north": { "texture": "#0", "uv": [ 1.0, 2.0, 2.0, 14.0 ] },
                "south": { "texture": "#0", "uv": [ 14.0, 2.0, 15.0, 14.0 ] },
                "west": { "texture": "#0", "uv": [ 0.0, 2.0, 1.0, 14.0 ] }
            }
        },
        {
            "name": "Cube",
            "from": [ 14.0, 2.0, 15.0 ], 
            "to": [ 15.0, 14.0, 16.0 ], 
            "faces": {
                "north": { "texture": "#0", "uv": [ 1.0, 2.0, 2.0, 14.0 ] },
                "south": { "texture": "#0", "uv": [ 14.0, 2.0, 15.0, 14.0 ] },
                "west": { "texture": "#0", "uv": [ 1.0, 2.0, 2.0, 14.0 ] }
            }
        },
        {
            "name": "Cube",
            "from": [ 1.0, 2.0, 15.0 ], 
            "to": [ 2.0, 14.0, 16.0 ], 
            "faces": {
                "north": { "texture": "#0", "uv": [ 14.0, 2.0, 15.0, 14.0 ] },
                "east": { "texture": "#0", "uv": [ 14.0, 2.0, 15.0, 14.0 ] },
                "south": { "texture": "#0", "uv": [ 1.0, 2.0, 5.0, 1.0 ] }
            }
        },
        {
            "name": "Cube",
            "from": [ 3.0, 3.0, 1.0 ], 
            "to": [ 13.0, 13.0, 2.0 ], 
            "faces": {
                "north": { "texture": "#1", "uv": [ 3.0, 3.0, 13.0, 13.0 ] },
                "east": { "texture": "#1", "uv": [ 2.0, 3.0, 3.0, 13.0 ] },
                "south": { "texture": "#1", "uv": [ 3.0, 3.0, 13.0, 13.0 ] },
                "west": { "texture": "#1", "uv": [ 13.0, 3.0, 14.0, 13.0 ] },
                "up": { "texture": "#1", "uv": [ 3.0, 2.0, 13.0, 3.0 ] },
                "down": { "texture": "#1", "uv": [ 3.0, 13.0, 13.0, 14.0 ] }
            }
        },
        {
            "name": "Cube",
            "from": [ 3.0, 3.0, 14.0 ], 
            "to": [ 13.0, 13.0, 15.0 ], 
            "faces": {
                "north": { "texture": "#1", "uv": [ 3.0, 3.0, 13.0, 13.0 ] },
                "east": { "texture": "#1", "uv": [ 2.0, 3.0, 3.0, 13.0 ] },
                "south": { "texture": "#1", "uv": [ 3.0, 3.0, 13.0, 13.0 ] },
                "west": { "texture": "#1", "uv": [ 13.0, 3.0, 14.0, 13.0 ] },
                "up": { "texture": "#1", "uv": [ 3.0, 2.0, 13.0, 3.0 ] },
                "down": { "texture": "#1", "uv": [ 3.0, 13.0, 13.0, 14.0 ] }
            }
        },
        {
            "name": "Cube",
            "from": [ 1.0, 3.0, 3.0 ], 
            "to": [ 2.0, 13.0, 13.0 ], 
            "faces": {
                "north": { "texture": "#1", "uv": [ 13.0, 3.0, 14.0, 13.0 ] },
                "east": { "texture": "#1", "uv": [ 3.0, 3.0, 13.0, 13.0 ] },
                "south": { "texture": "#1", "uv": [ 2.0, 3.0, 3.0, 13.0 ] },
                "west": { "texture": "#1", "uv": [ 3.0, 3.0, 13.0, 13.0 ] },
                "up": { "texture": "#1", "uv": [ 13.0, 3.0, 14.0, 13.0 ] },
                "down": { "texture": "#1", "uv": [ 2.0, 3.0, 3.0, 13.0 ] }
            }
        },
        {
            "name": "Cube",
            "from": [ 14.0, 3.0, 3.0 ], 
            "to": [ 15.0, 13.0, 13.0 ], 
            "faces": {
                "north": { "texture": "#1", "uv": [ 13.0, 3.0, 14.0, 13.0 ] },
                "east": { "texture": "#1", "uv": [ 3.0, 3.0, 13.0, 13.0 ] },
                "south": { "texture": "#1", "uv": [ 2.0, 3.0, 3.0, 13.0 ] },
                "west": { "texture": "#1", "uv": [ 3.0, 3.0, 13.0, 13.0 ] },
                "up": { "texture": "#1", "uv": [ 13.0, 3.0, 14.0, 13.0 ] },
                "down": { "texture": "#1", "uv": [ 2.0, 3.0, 3.0, 13.0 ] }
            }
        }
    ]
}