{
"parent": "block/block",
"textures": {
    "particle": "galacticraftcore:blocks/fallen_meteor",
    "texture": "galacticraftcore:blocks/fallen_meteor"
},
"elements": [ 
{
    "from": [ 3, 1, 3 ],
    "to": [ 13, 11, 13 ],
    "faces": {
        "down":  { "uv": [ 13, 13, 3, 3 ], "texture": "#texture", "tintindex": 0 },
        "up":    { "uv": [ 3, 3, 13, 13 ], "texture": "#texture", "tintindex": 0 },
        "north": { "uv": [ 3, 5, 13, 15 ], "texture": "#texture", "tintindex": 0 },
        "south": { "uv": [ 3, 5, 13, 15 ], "texture": "#texture", "tintindex": 0 },
        "west":  { "uv": [ 3, 5, 13, 15 ], "texture": "#texture", "tintindex": 0 },
        "east":  { "uv": [ 3, 5, 13, 15 ], "texture": "#texture", "tintindex": 0 }
    }
},
{
    "from": [ 5.5, 11, 4 ],
    "to": [ 12.5, 11.5, 9.5 ],
    "faces": {
        "down":  { "uv": [ 10.5, 9.5, 3.5, 4 ], "texture": "#texture", "tintindex": 0 },
        "up":    { "uv": [ 5.5, 4, 12.5, 9.5 ], "texture": "#texture", "tintindex": 0 },
        "north": { "uv": [ 3.5, 4.5, 10.5, 5 ], "texture": "#texture", "tintindex": 0 },
        "south": { "uv": [ 5.5, 4.5, 12.5, 5 ], "texture": "#texture", "tintindex": 0 },
        "west":  { "uv": [ 4, 4.5, 9.5, 5 ], "texture": "#texture", "tintindex": 0 },
        "east":  { "uv": [ 6.5, 4.5, 12, 5 ], "texture": "#texture", "tintindex": 0 }
    }
},
{
    "from": [ 2.5, 4, 5.5 ],
    "to": [ 3, 9.5, 11.5 ],
    "faces": {
        "down":  { "uv": [ 13.5, 11.5, 13, 5.5 ], "texture": "#texture", "tintindex": 0 },
        "up":    { "uv": [ 2.5, 5.5, 3, 11.5 ], "texture": "#texture", "tintindex": 0 },
        "north": { "uv": [ 13, 6.5, 13.5, 12 ], "texture": "#texture", "tintindex": 0 },
        "south": { "uv": [ 2.5, 6.5, 3, 12 ], "texture": "#texture", "tintindex": 0 },
        "west":  { "uv": [ 5.5, 6.5, 11.5, 12 ], "texture": "#texture", "tintindex": 0 },
        "east":  { "uv": [ 4.5, 6.5, 10.5, 12 ], "texture": "#texture", "tintindex": 0 }
    }
},
{
    "from": [ 5, 2.5, 2.5 ],
    "to": [ 10, 7, 3 ],
    "faces": {
        "down":  { "uv": [ 11, 3, 6, 2.5 ], "texture": "#texture", "tintindex": 0 },
        "up":    { "uv": [ 5, 2.5, 10, 3 ], "texture": "#texture", "tintindex": 0 },
        "north": { "uv": [ 6, 9, 11, 13.5 ], "texture": "#texture", "tintindex": 0 },
        "south": { "uv": [ 5, 9, 10, 13.5 ], "texture": "#texture", "tintindex": 0 },
        "west":  { "uv": [ 2.5, 9, 3, 13.5 ], "texture": "#texture", "tintindex": 0 },
        "east":  { "uv": [ 13, 9, 13.5, 13.5 ], "texture": "#texture", "tintindex": 0 }
    }
},
{
    "from": [ 13, 3, 4 ],
    "to": [ 13.5, 9.5, 11.5 ],
    "faces": {
        "down":  { "uv": [ 3, 11.5, 2.5, 4 ], "texture": "#texture", "tintindex": 0 },
        "up":    { "uv": [ 13, 4, 13.5, 11.5 ], "texture": "#texture", "tintindex": 0 },
        "north": { "uv": [ 2.5, 6.5, 3, 13 ], "texture": "#texture", "tintindex": 0 },
        "south": { "uv": [ 13, 6.5, 13.5, 13 ], "texture": "#texture", "tintindex": 0 },
        "west":  { "uv": [ 4, 6.5, 11.5, 13 ], "texture": "#texture", "tintindex": 0 },
        "east":  { "uv": [ 4.5, 6.5, 12, 13 ], "texture": "#texture", "tintindex": 0 }
    }
},
{
    "from": [ 6, 3.5, 13 ],
    "to": [ 11, 9, 13.5 ],
    "faces": {
        "down":  { "uv": [ 10, 13.5, 5, 13 ], "texture": "#texture", "tintindex": 0 },
        "up":    { "uv": [ 6, 13, 11, 13.5 ], "texture": "#texture", "tintindex": 0 },
        "north": { "uv": [ 5, 7, 10, 12.5 ], "texture": "#texture", "tintindex": 0 },
        "south": { "uv": [ 6, 7, 11, 12.5 ], "texture": "#texture", "tintindex": 0 },
        "west":  { "uv": [ 13, 7, 13.5, 12.5 ], "texture": "#texture", "tintindex": 0 },
        "east":  { "uv": [ 2.5, 7, 3, 12.5 ], "texture": "#texture", "tintindex": 0 }
    }
},
{
    "from": [ 5, 0.5, 5 ],
    "to": [ 11, 1, 11.5 ],
    "faces": {
        "down":  { "uv": [ 11, 11.5, 5, 5 ], "texture": "#texture", "tintindex": 0 },
        "up":    { "uv": [ 5, 5, 11, 11.5 ], "texture": "#texture", "tintindex": 0 },
        "north": { "uv": [ 5, 15, 11, 15.5 ], "texture": "#texture", "tintindex": 0 },
        "south": { "uv": [ 5, 15, 11, 15.5 ], "texture": "#texture", "tintindex": 0 },
        "west":  { "uv": [ 5, 15, 11.5, 15.5 ], "texture": "#texture", "tintindex": 0 },
        "east":  { "uv": [ 4.5, 15, 11, 15.5 ], "texture": "#texture", "tintindex": 0 }
    }
},
{
    "from": [ 4, 11, 9 ],
    "to": [ 9.5, 11.5, 12 ],
    "faces": {
        "down":  { "uv": [ 12, 12, 6.5, 9 ], "texture": "#texture", "tintindex": 0 },
        "up":    { "uv": [ 4, 9, 9.5, 12 ], "texture": "#texture", "tintindex": 0 },
        "north": { "uv": [ 6.5, 4.5, 12, 5 ], "texture": "#texture", "tintindex": 0 },
        "south": { "uv": [ 4, 4.5, 9.5, 5 ], "texture": "#texture", "tintindex": 0 },
        "west":  { "uv": [ 9, 4.5, 12, 5 ], "texture": "#texture", "tintindex": 0 },
        "east":  { "uv": [ 4, 4.5, 7, 5 ], "texture": "#texture", "tintindex": 0 }
    }
},
{
    "from": [ 6.5, 11.5, 6 ],
    "to": [ 11, 12, 9 ],
    "faces": {
        "down":  { "uv": [ 9.5, 9, 5, 6 ], "texture": "#texture", "tintindex": 0 },
        "up":    { "uv": [ 6.5, 6, 11, 9 ], "texture": "#texture", "tintindex": 0 },
        "north": { "uv": [ 5, 4, 9.5, 4.5 ], "texture": "#texture", "tintindex": 0 },
        "south": { "uv": [ 6.5, 4, 11, 4.5 ], "texture": "#texture", "tintindex": 0 },
        "west":  { "uv": [ 6, 4, 9, 4.5 ], "texture": "#texture", "tintindex": 0 },
        "east":  { "uv": [ 7, 4, 10, 4.5 ], "texture": "#texture", "tintindex": 0 }
    }
}
]
}