{
"__comment": "Designed by - with BDcraft Cubik PRO 0.93 Beta - http://bdcraft.net",
"textures": {
	"particle": "galacticraftcore:blocks/pipe_oxygen_white",
    "pipeTex": "galacticraftcore:blocks/pipe_oxygen_white"
},
"elements": [ 
{
    "__comment": "Middle",
    "from": [ 6.5, 6.5, 6.5 ],
    "to": [ 9.5, 9.5, 9.5 ],
    "faces": {
        "down":  { "uv": [ 6, 6, 10, 10 ], "texture": "#pipeTex" },
        "up":    { "uv": [ 6, 6, 10, 10 ], "texture": "#pipeTex" },
        "north": { "uv": [ 6, 6, 10, 10 ], "texture": "#pipeTex" },
        "south": { "uv": [ 6, 6, 10, 10 ], "texture": "#pipeTex" },
        "west":  { "uv": [ 6, 6, 10, 10 ], "texture": "#pipeTex" },
        "east":  { "uv": [ 6, 6, 10, 10 ], "texture": "#pipeTex" }
    }
},
{
    "__comment": "North",
    "from": [ 6.5, 6.5, 0 ],
    "to": [ 9.5, 9.5, 6.5 ],
    "faces": {
        "down":  { "uv": [ 6, 0, 10, 6 ], "texture": "#pipeTex" },
        "up":    { "uv": [ 6, 0, 10, 6 ], "texture": "#pipeTex" },
        "north": { "uv": [ 6, 6, 10, 10 ], "texture": "#pipeTex" },
        "south": { "uv": [ 6, 6, 10, 10 ], "texture": "#pipeTex" },
        "west":  { "uv": [ 6, 0, 10, 6 ], "rotation": 90, "texture": "#pipeTex" },
        "east":  { "uv": [ 6, 0, 10, 6 ], "rotation": 90, "texture": "#pipeTex" }
    }
},
{
    "__comment": "South",
    "from": [ 6.5, 6.5, 9.5 ],
    "to": [ 9.5, 9.5, 16 ],
    "faces": {
        "down":  { "uv": [ 6, 10, 10, 16 ], "texture": "#pipeTex" },
        "up":    { "uv": [ 6, 10, 10, 16 ], "texture": "#pipeTex" },
        "north": { "uv": [ 6, 6, 10, 10 ], "texture": "#pipeTex" },
        "south": { "uv": [ 6, 6, 10, 10 ], "texture": "#pipeTex" },
        "west":  { "uv": [ 6, 10, 10, 16 ], "rotation": 90, "texture": "#pipeTex" },
        "east":  { "uv": [ 6, 10, 10, 16 ], "rotation": 90, "texture": "#pipeTex" }
    }
},
{
    "__comment": "Down",
    "from": [ 6.5, 0, 6.5 ],
    "to": [ 9.5, 6.5, 9.5 ],
    "faces": {
        "down":  { "uv": [ 6, 6, 10, 10 ], "texture": "#pipeTex" },
        "up":    { "uv": [ 6, 6, 10, 10 ], "texture": "#pipeTex" },
        "north": { "uv": [ 6, 0, 10, 6 ], "texture": "#pipeTex" },
        "south": { "uv": [ 6, 0, 10, 6 ], "texture": "#pipeTex" },
        "west":  { "uv": [ 6, 0, 10, 6 ], "texture": "#pipeTex" },
        "east":  { "uv": [ 6, 0, 10, 6 ], "texture": "#pipeTex" }
    }
}
]
}