{
    "parent": "block/block",
	"textures": {
		"particle": "galacticraftcore:blocks/pipe_oxygen_white",
		"pipeTex": "galacticraftcore:blocks/pipe_oxygen_white"
	},
	"elements": [ 
	{
		"__comment": "Middle",
		"from": [ 6.5, 6.5, 6.5 ],
		"to": [ 9.5, 9.5, 9.5 ],
		"faces": {
			"down":  { "uv": [ 6, 6, 10, 10 ], "texture": "#pipeTex" },
			"up":    { "uv": [ 6, 6, 10, 10 ], "texture": "#pipeTex" },
			"north": { "uv": [ 6, 6, 10, 10 ], "texture": "#pipeTex" },
			"south": { "uv": [ 6, 6, 10, 10 ], "texture": "#pipeTex" },
			"west":  { "uv": [ 6, 6, 10, 10 ], "texture": "#pipeTex" },
			"east":  { "uv": [ 6, 6, 10, 10 ], "texture": "#pipeTex" }
		}
	}
	]
}