{
    "parent": "block/block",
	"textures": {
		"particle": "galacticraftcore:blocks/pipe_oxygen_white",
		"pipeTex": "galacticraftcore:blocks/pipe_oxygen_white",
		"pull_texture": "galacticraftcore:blocks/pipe_pull"
	},
	"elements": [ 
	{
		"__comment": "Middle",
		"from": [ 6.5, 6.5, 6.5 ],
		"to": [ 9.5, 9.5, 9.5 ],
		"faces": {
			"down":  { "uv": [ 6, 6, 10, 10 ], "texture": "#pipeTex" },
			"up":    { "uv": [ 6, 6, 10, 10 ], "texture": "#pipeTex" },
			"north": { "uv": [ 6, 6, 10, 10 ], "texture": "#pipeTex" },
			"south": { "uv": [ 6, 6, 10, 10 ], "texture": "#pipeTex" },
			"west":  { "uv": [ 6, 6, 10, 10 ], "texture": "#pipeTex" },
			"east":  { "uv": [ 6, 6, 10, 10 ], "texture": "#pipeTex" }
		}
	},
	{
		"__comment": "North",
		"from": [ 6.5, 6.5, 0 ],
		"to": [ 9.5, 9.5, 6.5 ],
		"faces": {
			"down":  { "uv": [ 6, 0, 10, 6 ], "texture": "#pipeTex" },
			"up":    { "uv": [ 6, 0, 10, 6 ], "texture": "#pipeTex" },
			"north": { "uv": [ 6, 6, 10, 10 ], "texture": "#pipeTex" },
			"south": { "uv": [ 6, 6, 10, 10 ], "texture": "#pipeTex" },
			"west":  { "uv": [ 6, 0, 10, 6 ], "rotation": 90, "texture": "#pipeTex" },
			"east":  { "uv": [ 6, 0, 10, 6 ], "rotation": 90, "texture": "#pipeTex" }
		}
	},
	{
		"__comment": "East",
		"from": [ 9.5, 6.5, 6.5 ],
		"to": [ 16, 9.5, 9.5 ],
		"faces": {
			"down":  { "uv": [ 0, 6, 6, 10 ], "texture": "#pipeTex" },
			"up":    { "uv": [ 0, 6, 6, 10 ], "texture": "#pipeTex" },
			"north": { "uv": [ 0, 6, 6, 10 ], "texture": "#pipeTex" },
			"south": { "uv": [ 0, 6, 6, 10 ], "texture": "#pipeTex" },
			"west":  { "uv": [ 6, 6, 10, 10 ], "texture": "#pipeTex" },
			"east":  { "uv": [ 6, 6, 10, 10 ], "texture": "#pipeTex" }
		}
	},
	{
		"__comment": "South",
		"from": [ 6.5, 6.5, 9.5 ],
		"to": [ 9.5, 9.5, 16 ],
		"faces": {
			"down":  { "uv": [ 6, 10, 10, 16 ], "texture": "#pipeTex" },
			"up":    { "uv": [ 6, 10, 10, 16 ], "texture": "#pipeTex" },
			"north": { "uv": [ 6, 6, 10, 10 ], "texture": "#pipeTex" },
			"south": { "uv": [ 6, 6, 10, 10 ], "texture": "#pipeTex" },
			"west":  { "uv": [ 6, 10, 10, 16 ], "rotation": 90, "texture": "#pipeTex" },
			"east":  { "uv": [ 6, 10, 10, 16 ], "rotation": 90, "texture": "#pipeTex" }
		}
	},
	{
		"__comment": "West",
		"from": [ 0, 6.5, 6.5 ],
		"to": [ 6.5, 9.5, 9.5 ],
		"faces": {
			"down":  { "uv": [ 0, 6, 6, 10 ], "texture": "#pipeTex" },
			"up":    { "uv": [ 0, 6, 6, 10 ], "texture": "#pipeTex" },
			"north": { "uv": [ 0, 6, 6, 10 ], "texture": "#pipeTex" },
			"south": { "uv": [ 0, 6, 6, 10 ], "texture": "#pipeTex" },
			"west":  { "uv": [ 6, 6, 10, 10 ], "texture": "#pipeTex" },
			"east":  { "uv": [ 6, 6, 10, 10 ], "texture": "#pipeTex" }
		}
	},
	{
		"__comment": "Up",
		"from": [ 6.5, 9.5, 6.5 ],
		"to": [ 9.5, 16, 9.5 ],
		"faces": {
			"down":  { "uv": [ 6, 6, 10, 10 ], "texture": "#pipeTex" },
			"up":    { "uv": [ 6, 6, 10, 10 ], "texture": "#pipeTex" },
			"north": { "uv": [ 6, 0, 10, 6 ], "texture": "#pipeTex" },
			"south": { "uv": [ 6, 0, 10, 6 ], "texture": "#pipeTex" },
			"west":  { "uv": [ 6, 0, 10, 6 ], "texture": "#pipeTex" },
			"east":  { "uv": [ 6, 0, 10, 6 ], "texture": "#pipeTex" }
		}
	},
	{
		"__comment": "Down",
		"from": [ 6.5, 0.0625, 6.5 ],
		"to": [ 9.5, 6.5625, 9.5 ],
		"faces": {
			"down":  { "uv": [ 6, 6, 10, 10 ], "texture": "#pipeTex" },
			"up":    { "uv": [ 6, 6, 10, 10 ], "texture": "#pipeTex" },
			"north": { "uv": [ 6, 0, 10, 6 ], "texture": "#pipeTex" },
			"south": { "uv": [ 6, 0, 10, 6 ], "texture": "#pipeTex" },
			"west":  { "uv": [ 6, 0, 10, 6 ], "texture": "#pipeTex" },
			"east":  { "uv": [ 6, 0, 10, 6 ], "texture": "#pipeTex" }
		}
	}
	]
}