{
    "textures": {
        "particle": "galacticraftcore:blocks/screen_side",
        "0": "galacticraftcore:blocks/screen_side"
    },
    "elements": [
        {
            "name": "Cube",
            "from": [ 0.0, 14.0, 1.5 ], 
            "to": [ 16.0, 15.99, 2.5 ], 
            "faces": {
                "north": { "texture": "#0", "uv": [ 0.0, 0.0, 16.0, 2.0 ] },
                "east": { "texture": "#0", "uv": [ 13.5, 0.0, 14.5, 2.0 ] },
                "south": { "texture": "#0", "uv": [ 0.0, 0.0, 16.0, 2.0 ] },
                "west": { "texture": "#0", "uv": [ 1.5, 0.0, 2.5, 2.0 ] },
                "up": { "texture": "#0", "uv": [ 0.0, 1.0, 16.0, 3.0 ] },
                "down": { "texture": "#0", "uv": [ 0.0, 13.0, 16.0, 15.0 ] }
            }
        },
        {
            "name": "Cube",
            "from": [ 0.0, 14.0, 5.5 ], 
            "to": [ 16.0, 15.99, 6.5 ], 
            "faces": {
                "north": { "texture": "#0", "uv": [ 0.0, 0.0, 16.0, 2.0 ] },
                "east": { "texture": "#0", "uv": [ 9.5, 0.0, 10.5, 2.0 ] },
                "south": { "texture": "#0", "uv": [ 0.0, 0.0, 16.0, 2.0 ] },
                "west": { "texture": "#0", "uv": [ 5.5, 0.0, 6.5, 2.0 ] },
                "up": { "texture": "#0", "uv": [ 0.0, 5.0, 16.0, 7.0 ] },
                "down": { "texture": "#0", "uv": [ 0.0, 9.0, 16.0, 11.0 ] }
            }
        },
        {
            "name": "Cube",
            "from": [ 0.0, 14.0, 9.5 ], 
            "to": [ 16.0, 15.99, 10.5 ], 
            "faces": {
                "north": { "texture": "#0", "uv": [ 0.0, 0.0, 16.0, 2.0 ] },
                "east": { "texture": "#0", "uv": [ 5.5, 0.0, 6.5, 2.0 ] },
                "south": { "texture": "#0", "uv": [ 0.0, 0.0, 16.0, 2.0 ] },
                "west": { "texture": "#0", "uv": [ 9.5, 0.0, 10.5, 2.0 ] },
                "up": { "texture": "#0", "uv": [ 0.0, 9.0, 16.0, 11.0 ] },
                "down": { "texture": "#0", "uv": [ 0.0, 5.0, 16.0, 7.0 ] }
            }
        },
        {
            "name": "Cube",
            "from": [ 0.0, 14.0, 13.5 ], 
            "to": [ 16.0, 15.99, 14.5 ], 
            "faces": {
                "north": { "texture": "#0", "uv": [ 0.0, 0.0, 16.0, 2.0 ] },
                "east": { "texture": "#0", "uv": [ 1.5, 0.0, 2.5, 2.0 ] },
                "south": { "texture": "#0", "uv": [ 0.0, 0.0, 16.0, 2.0 ] },
                "west": { "texture": "#0", "uv": [ 13.5, 0.0, 14.5, 2.0 ] },
                "up": { "texture": "#0", "uv": [ 0.0, 13.0, 16.0, 15.0 ] },
                "down": { "texture": "#0", "uv": [ 0.0, 1.0, 16.0, 3.0 ] }
            }
        },
        {
            "name": "Cube",
            "from": [ 1.5, 14.0, 0.0 ], 
            "to": [ 2.5, 15.99, 1.5 ], 
            "shade": false,
            "faces": {
                "north": { "texture": "#0", "uv": [ 13.5, 0.0, 14.5, 2.0 ] },
                "east": { "texture": "#0", "uv": [ 14.5, 0.0, 16.0, 2.0 ] },
                "south": { "texture": "#0", "uv": [ 1.5, 0.0, 2.5, 2.0 ] },
                "west": { "texture": "#0", "uv": [ 0.0, 0.0, 1.5, 2.0 ] },
                "up": { "texture": "#0", "uv": [ 1.5, 0.0, 2.5, 1.5 ] },
                "down": { "texture": "#0", "uv": [ 13.5, 0.0, 14.5, 1.5 ] }
            }
        },
        {
            "name": "Cube",
            "from": [ 1.5, 14.0, 2.5 ], 
            "to": [ 2.5, 15.99, 5.5 ], 
            "shade": false,
            "faces": {
                "north": { "texture": "#0", "uv": [ 13.5, 0.0, 14.5, 2.0 ] },
                "east": { "texture": "#0", "uv": [ 10.5, 0.0, 13.5, 2.0 ] },
                "south": { "texture": "#0", "uv": [ 1.5, 0.0, 2.5, 2.0 ] },
                "west": { "texture": "#0", "uv": [ 2.5, 0.0, 5.5, 2.0 ] },
                "up": { "texture": "#0", "uv": [ 1.5, 2.5, 2.5, 5.5 ] },
                "down": { "texture": "#0", "uv": [ 13.5, 2.5, 14.5, 5.5 ] }
            }
        },
        {
            "name": "Cube",
            "from": [ 1.5, 14.0, 6.5 ], 
            "to": [ 2.5, 15.99, 9.5 ], 
            "shade": false,
            "faces": {
                "north": { "texture": "#0", "uv": [ 13.5, 0.0, 14.5, 2.0 ] },
                "east": { "texture": "#0", "uv": [ 6.5, 0.0, 9.5, 2.0 ] },
                "south": { "texture": "#0", "uv": [ 1.5, 0.0, 2.5, 2.0 ] },
                "west": { "texture": "#0", "uv": [ 6.5, 0.0, 9.5, 2.0 ] },
                "up": { "texture": "#0", "uv": [ 1.5, 6.5, 2.5, 9.5 ] },
                "down": { "texture": "#0", "uv": [ 13.5, 6.5, 14.5, 9.5 ] }
            }
        },
        {
            "name": "Cube",
            "from": [ 1.5, 14.0, 10.5 ], 
            "to": [ 2.5, 15.99, 13.5 ], 
            "shade": false,
            "faces": {
                "north": { "texture": "#0", "uv": [ 13.5, 0.0, 14.5, 2.0 ] },
                "east": { "texture": "#0", "uv": [ 2.5, 0.0, 5.5, 2.0 ] },
                "south": { "texture": "#0", "uv": [ 1.5, 0.0, 2.5, 2.0 ] },
                "west": { "texture": "#0", "uv": [ 10.5, 0.0, 13.5, 2.0 ] },
                "up": { "texture": "#0", "uv": [ 1.5, 10.5, 2.5, 13.5 ] },
                "down": { "texture": "#0", "uv": [ 13.5, 10.5, 14.5, 13.5 ] }
            }
        },
        {
            "name": "Cube",
            "from": [ 1.5, 14.0, 14.5 ], 
            "to": [ 2.5, 15.99, 16.0 ], 
            "shade": false,
            "faces": {
                "north": { "texture": "#0", "uv": [ 13.5, 0.0, 14.5, 2.0 ] },
                "east": { "texture": "#0", "uv": [ 0.0, 0.0, 1.5, 2.0 ] },
                "south": { "texture": "#0", "uv": [ 1.5, 0.0, 2.5, 2.0 ] },
                "west": { "texture": "#0", "uv": [ 14.5, 0.0, 16.0, 2.0 ] },
                "up": { "texture": "#0", "uv": [ 1.5, 14.5, 2.5, 16.0 ] },
                "down": { "texture": "#0", "uv": [ 13.5, 14.5, 14.5, 16.0 ] }
            }
        },
        {
            "name": "Cube",
            "from": [ 1.5, 14.0, 14.5 ], 
            "to": [ 2.5, 15.99, 16.0 ], 
            "shade": false,
            "faces": {
                "north": { "texture": "#0", "uv": [ 13.5, 0.0, 14.5, 2.0 ] },
                "east": { "texture": "#0", "uv": [ 0.0, 0.0, 1.5, 2.0 ] },
                "south": { "texture": "#0", "uv": [ 1.5, 0.0, 2.5, 2.0 ] },
                "west": { "texture": "#0", "uv": [ 14.5, 0.0, 16.0, 2.0 ] },
                "up": { "texture": "#0", "uv": [ 1.5, 14.5, 2.5, 16.0 ] },
                "down": { "texture": "#0", "uv": [ 13.5, 14.5, 14.5, 16.0 ] }
            }
        },
        {
            "name": "Cube",
            "from": [ 5.5, 14.0, 0.0 ], 
            "to": [ 6.5, 15.99, 1.5 ], 
            "shade": false,
            "faces": {
                "north": { "texture": "#0", "uv": [ 9.5, 0.0, 10.5, 2.0 ] },
                "east": { "texture": "#0", "uv": [ 14.5, 0.0, 16.0, 2.0 ] },
                "south": { "texture": "#0", "uv": [ 1.5, 0.0, 2.5, 2.0 ] },
                "west": { "texture": "#0", "uv": [ 0.0, 0.0, 1.5, 2.0 ] },
                "up": { "texture": "#0", "uv": [ 5.5, 0.0, 6.5, 1.5 ] },
                "down": { "texture": "#0", "uv": [ 9.5, 0.0, 10.5, 1.5 ] }
            }
        },
        {
            "name": "Cube",
            "from": [ 5.5, 14.0, 2.5 ], 
            "to": [ 6.5, 15.99, 5.5 ], 
            "shade": false,
            "faces": {
                "north": { "texture": "#0", "uv": [ 13.5, 0.0, 14.5, 2.0 ] },
                "east": { "texture": "#0", "uv": [ 10.5, 0.0, 13.5, 2.0 ] },
                "south": { "texture": "#0", "uv": [ 1.5, 0.0, 2.5, 2.0 ] },
                "west": { "texture": "#0", "uv": [ 2.5, 0.0, 5.5, 2.0 ] },
                "up": { "texture": "#0", "uv": [ 5.5, 2.5, 6.5, 5.5 ] },
                "down": { "texture": "#0", "uv": [ 9.5, 2.5, 10.5, 5.5 ] }
            }
        },
        {
            "name": "Cube",
            "from": [ 5.5, 14.0, 6.5 ], 
            "to": [ 6.5, 15.99, 9.5 ], 
            "shade": false,
            "faces": {
                "north": { "texture": "#0", "uv": [ 13.5, 0.0, 14.5, 2.0 ] },
                "east": { "texture": "#0", "uv": [ 6.5, 0.0, 9.5, 2.0 ] },
                "south": { "texture": "#0", "uv": [ 1.5, 0.0, 2.5, 2.0 ] },
                "west": { "texture": "#0", "uv": [ 6.5, 0.0, 9.5, 2.0 ] },
                "up": { "texture": "#0", "uv": [ 5.5, 6.5, 6.5, 9.5 ] },
                "down": { "texture": "#0", "uv": [ 9.5, 6.5, 10.5, 9.5 ] }
            }
        },
        {
            "name": "Cube",
            "from": [ 5.5, 14.0, 10.5 ], 
            "to": [ 6.5, 15.99, 13.5 ], 
            "shade": false,
            "faces": {
                "north": { "texture": "#0", "uv": [ 13.5, 0.0, 14.5, 2.0 ] },
                "east": { "texture": "#0", "uv": [ 2.5, 0.0, 5.5, 2.0 ] },
                "south": { "texture": "#0", "uv": [ 1.5, 0.0, 2.5, 2.0 ] },
                "west": { "texture": "#0", "uv": [ 10.5, 0.0, 13.5, 2.0 ] },
                "up": { "texture": "#0", "uv": [ 5.5, 10.5, 6.5, 13.5 ] },
                "down": { "texture": "#0", "uv": [ 9.5, 10.5, 10.5, 13.5 ] }
            }
        },
        {
            "name": "Cube",
            "from": [ 5.5, 14.0, 14.5 ], 
            "to": [ 6.5, 15.99, 16.0 ], 
            "shade": false,
            "faces": {
                "north": { "texture": "#0", "uv": [ 13.5, 0.0, 14.5, 2.0 ] },
                "east": { "texture": "#0", "uv": [ 0.0, 0.0, 1.5, 2.0 ] },
                "south": { "texture": "#0", "uv": [ 5.5, 0.0, 6.5, 2.0 ] },
                "west": { "texture": "#0", "uv": [ 14.5, 0.0, 16.0, 2.0 ] },
                "up": { "texture": "#0", "uv": [ 5.5, 14.5, 6.5, 16.0 ] },
                "down": { "texture": "#0", "uv": [ 9.5, 14.5, 10.5, 16.0 ] }
            }
        },
        {
            "name": "Cube",
            "from": [ 9.5, 14.0, 0.0 ], 
            "to": [ 10.5, 15.99, 1.5 ], 
            "shade": false,
            "faces": {
                "north": { "texture": "#0", "uv": [ 5.5, 0.0, 6.5, 2.0 ] },
                "east": { "texture": "#0", "uv": [ 14.5, 0.0, 16.0, 2.0 ] },
                "south": { "texture": "#0", "uv": [ 1.5, 0.0, 2.5, 2.0 ] },
                "west": { "texture": "#0", "uv": [ 0.0, 0.0, 1.5, 2.0 ] },
                "up": { "texture": "#0", "uv": [ 9.5, 0.0, 10.5, 1.5 ] },
                "down": { "texture": "#0", "uv": [ 5.5, 0.0, 6.5, 1.5 ] }
            }
        },
        {
            "name": "Cube",
            "from": [ 9.5, 14.0, 2.5 ], 
            "to": [ 10.5, 15.99, 5.5 ], 
            "shade": false,
            "faces": {
                "north": { "texture": "#0", "uv": [ 13.5, 0.0, 14.5, 2.0 ] },
                "east": { "texture": "#0", "uv": [ 10.5, 0.0, 13.5, 2.0 ] },
                "south": { "texture": "#0", "uv": [ 1.5, 0.0, 2.5, 2.0 ] },
                "west": { "texture": "#0", "uv": [ 2.5, 0.0, 5.5, 2.0 ] },
                "up": { "texture": "#0", "uv": [ 9.5, 2.5, 10.5, 5.5 ] },
                "down": { "texture": "#0", "uv": [ 5.5, 2.5, 6.5, 5.5 ] }
            }
        },
        {
            "name": "Cube",
            "from": [ 9.5, 14.0, 6.5 ], 
            "to": [ 10.5, 15.99, 9.5 ], 
            "shade": false,
            "faces": {
                "north": { "texture": "#0", "uv": [ 13.5, 0.0, 14.5, 2.0 ] },
                "east": { "texture": "#0", "uv": [ 6.5, 0.0, 9.5, 2.0 ] },
                "south": { "texture": "#0", "uv": [ 1.5, 0.0, 2.5, 2.0 ] },
                "west": { "texture": "#0", "uv": [ 6.5, 0.0, 9.5, 2.0 ] },
                "up": { "texture": "#0", "uv": [ 9.5, 6.5, 10.5, 9.5 ] },
                "down": { "texture": "#0", "uv": [ 5.5, 6.5, 6.5, 9.5 ] }
            }
        },
        {
            "name": "Cube",
            "from": [ 9.5, 14.0, 10.5 ], 
            "to": [ 10.5, 15.99, 13.5 ], 
            "shade": false,
            "faces": {
                "north": { "texture": "#0", "uv": [ 13.5, 0.0, 14.5, 2.0 ] },
                "east": { "texture": "#0", "uv": [ 2.5, 0.0, 5.5, 2.0 ] },
                "south": { "texture": "#0", "uv": [ 1.5, 0.0, 2.5, 2.0 ] },
                "west": { "texture": "#0", "uv": [ 10.5, 0.0, 13.5, 2.0 ] },
                "up": { "texture": "#0", "uv": [ 9.5, 10.5, 10.5, 13.5 ] },
                "down": { "texture": "#0", "uv": [ 5.5, 10.5, 6.5, 13.5 ] }
            }
        },
        {
            "name": "Cube",
            "from": [ 9.5, 14.0, 14.5 ], 
            "to": [ 10.5, 15.99, 16.0 ], 
            "shade": false,
            "faces": {
                "north": { "texture": "#0", "uv": [ 13.5, 0.0, 14.5, 2.0 ] },
                "east": { "texture": "#0", "uv": [ 0.0, 0.0, 1.5, 2.0 ] },
                "south": { "texture": "#0", "uv": [ 9.5, 0.0, 10.5, 2.0 ] },
                "west": { "texture": "#0", "uv": [ 14.5, 0.0, 16.0, 2.0 ] },
                "up": { "texture": "#0", "uv": [ 9.5, 14.5, 10.5, 16.0 ] },
                "down": { "texture": "#0", "uv": [ 5.5, 14.5, 6.5, 16.0 ] }
            }
        },
        {
            "name": "Cube",
            "from": [ 13.5, 14.0, 0.0 ], 
            "to": [ 14.5, 15.99, 1.5 ], 
            "shade": false,
            "faces": {
                "north": { "texture": "#0", "uv": [ 1.5, 0.0, 2.5, 2.0 ] },
                "east": { "texture": "#0", "uv": [ 14.5, 0.0, 16.0, 2.0 ] },
                "south": { "texture": "#0", "uv": [ 1.5, 0.0, 2.5, 2.0 ] },
                "west": { "texture": "#0", "uv": [ 0.0, 0.0, 1.5, 2.0 ] },
                "up": { "texture": "#0", "uv": [ 13.5, 0.0, 14.5, 1.5 ] },
                "down": { "texture": "#0", "uv": [ 1.5, 0.0, 2.5, 1.5 ] }
            }
        },
        {
            "name": "Cube",
            "from": [ 13.5, 14.0, 2.5 ], 
            "to": [ 14.5, 15.99, 5.5 ], 
            "shade": false,
            "faces": {
                "north": { "texture": "#0", "uv": [ 13.5, 0.0, 14.5, 2.0 ] },
                "east": { "texture": "#0", "uv": [ 10.5, 0.0, 13.5, 2.0 ] },
                "south": { "texture": "#0", "uv": [ 1.5, 0.0, 2.5, 2.0 ] },
                "west": { "texture": "#0", "uv": [ 2.5, 0.0, 5.5, 2.0 ] },
                "up": { "texture": "#0", "uv": [ 13.5, 2.5, 14.5, 5.5 ] },
                "down": { "texture": "#0", "uv": [ 1.5, 2.5, 2.5, 5.5 ] }
            }
        },
        {
            "name": "Cube",
            "from": [ 13.5, 14.0, 6.5 ], 
            "to": [ 14.5, 15.99, 9.5 ], 
            "shade": false,
            "faces": {
                "north": { "texture": "#0", "uv": [ 13.5, 0.0, 14.5, 2.0 ] },
                "east": { "texture": "#0", "uv": [ 6.5, 0.0, 9.5, 2.0 ] },
                "south": { "texture": "#0", "uv": [ 1.5, 0.0, 2.5, 2.0 ] },
                "west": { "texture": "#0", "uv": [ 6.5, 0.0, 9.5, 2.0 ] },
                "up": { "texture": "#0", "uv": [ 13.5, 6.5, 14.5, 9.5 ] },
                "down": { "texture": "#0", "uv": [ 1.5, 6.5, 2.5, 9.5 ] }
            }
        },
        {
            "name": "Cube",
            "from": [ 13.5, 14.0, 10.5 ], 
            "to": [ 14.5, 15.99, 13.5 ], 
            "shade": false,
            "faces": {
                "north": { "texture": "#0", "uv": [ 13.5, 0.0, 14.5, 2.0 ] },
                "east": { "texture": "#0", "uv": [ 2.5, 0.0, 5.5, 2.0 ] },
                "south": { "texture": "#0", "uv": [ 1.5, 0.0, 2.5, 2.0 ] },
                "west": { "texture": "#0", "uv": [ 10.5, 0.0, 13.5, 2.0 ] },
                "up": { "texture": "#0", "uv": [ 13.5, 10.5, 14.5, 13.5 ] },
                "down": { "texture": "#0", "uv": [ 1.5, 10.5, 2.5, 13.5 ] }
            }
        },
        {
            "name": "Cube",
            "from": [ 13.5, 14.0, 14.5 ], 
            "to": [ 14.5, 15.99, 16.0 ], 
            "shade": false,
            "faces": {
                "north": { "texture": "#0", "uv": [ 13.5, 0.0, 14.5, 2.0 ] },
                "east": { "texture": "#0", "uv": [ 0.0, 0.0, 1.5, 2.0 ] },
                "south": { "texture": "#0", "uv": [ 13.5, 0.0, 14.5, 2.0 ] },
                "west": { "texture": "#0", "uv": [ 14.5, 0.0, 16.0, 2.0 ] },
                "up": { "texture": "#0", "uv": [ 13.5, 14.5, 14.5, 16.0 ] },
                "down": { "texture": "#0", "uv": [ 1.5, 14.5, 2.5, 16.0 ] }
            }
        }
    ]
}