{
"__comment": "Designed by - with BDcraft Cubik PRO 0.93 Beta - http://bdcraft.net",
"textures": {
    "aluminum_wire": "galacticraftcore:blocks/aluminum_wire",
    "particle": "galacticraftcore:blocks/aluminum_wire"
},
"elements": [ 
{
    "__comment": "Middle",
    "from": [ 5.6, 5.6, 5.6 ],
    "to": [ 10.4, 10.4, 10.4 ],
    "faces": {
        "down":  { "uv": [ 12.11, 4.11, 15.89, 7.89 ], "texture": "#aluminum_wire" },
        "up":    { "uv": [ 12.11, 4.11, 15.89, 7.89 ], "texture": "#aluminum_wire" },
        "north": { "uv": [ 12.11, 4.11, 15.89, 7.89 ], "texture": "#aluminum_wire" },
        "south": { "uv": [ 12.11, 4.11, 15.89, 7.89 ], "texture": "#aluminum_wire" },
        "west":  { "uv": [ 12.11, 4.11, 15.89, 7.89 ], "texture": "#aluminum_wire" },
        "east":  { "uv": [ 12.11, 4.11, 15.89, 7.89 ], "texture": "#aluminum_wire" }
    }
},
{
    "__comment": "North",
    "from": [ 5.6, 5.6, 0 ],
    "to": [ 10.4, 10.4, 5.6 ],
    "faces": {
        "down":  { "uv": [ 0.08, 0.0, 2.92, 3.5 ], "texture": "#aluminum_wire" },
        "up":    { "uv": [ 0.08, 0.0, 2.92, 3.5 ], "texture": "#aluminum_wire" },
        "north": { "uv": [ 12.11, 4.11, 15.89, 7.89 ], "texture": "#aluminum_wire" },
        "south": { "uv": [ 12.11, 4.11, 15.89, 7.89 ], "texture": "#aluminum_wire" },
        "west":  { "uv": [ 0.08, 0.0, 2.92, 3.5 ], "rotation": 90, "texture": "#aluminum_wire" },
        "east":  { "uv": [ 0.08, 0.0, 2.92, 3.5 ], "rotation": 90, "texture": "#aluminum_wire" }
    }
},
{
    "__comment": "South",
    "from": [ 5.6, 5.6, 10.4 ],
    "to": [ 10.4, 10.4, 16 ],
    "faces": {
        "down":  { "uv": [ 0.08, 0.0, 2.92, 3.5 ], "texture": "#aluminum_wire" },
        "up":    { "uv": [ 0.08, 0.0, 2.92, 3.5 ], "texture": "#aluminum_wire" },
        "north": { "uv": [ 12.11, 4.11, 15.89, 7.89 ], "texture": "#aluminum_wire" },
        "south": { "uv": [ 12.11, 4.11, 15.89, 7.89 ], "texture": "#aluminum_wire" },
        "west":  { "uv": [ 0.08, 0.0, 2.92, 3.5 ], "rotation": 90, "texture": "#aluminum_wire" },
        "east":  { "uv": [ 0.08, 0.0, 2.92, 3.5 ], "rotation": 90, "texture": "#aluminum_wire" }
    }
},
{
    "__comment": "Up",
    "from": [ 5.6, 10.4, 5.6 ],
    "to": [ 10.4, 16, 10.4 ],
    "faces": {
        "down":  { "uv": [ 12.11, 4.11, 15.89, 7.89 ], "texture": "#aluminum_wire" },
        "up":    { "uv": [ 12.11, 4.11, 15.89, 7.89 ], "texture": "#aluminum_wire" },
        "north": { "uv": [ 0.08, 0.0, 2.92, 3.5 ], "texture": "#aluminum_wire" },
        "south": { "uv": [ 0.08, 0.0, 2.92, 3.5 ], "texture": "#aluminum_wire" },
        "west":  { "uv": [ 0.08, 0.0, 2.92, 3.5 ], "texture": "#aluminum_wire" },
        "east":  { "uv": [ 0.08, 0.0, 2.92, 3.5 ], "texture": "#aluminum_wire" }
    }
}
]
}