{
    "elements": [
        {
            "name": "Cube",
            "from": [ 0.0, 0.0, 0.0 ], 
            "to": [ 16.0, 16.0, 16.0 ], 
            "faces": {
                "north": { "texture": "#front", "uv": [ 0.0, 0.0, 16.0, 16.0 ] },
                "east": { "texture": "#el_in", "uv": [ 0.0, 0.0, 16.0, 16.0 ] },
                "south": { "texture": "#el_out", "uv": [ 0.0, 0.0, 16.0, 16.0 ] },
                "west": { "texture": "#side", "uv": [ 0.0, 0.0, 16.0, 16.0 ] },
                "up": { "texture": "#top", "uv": [ 0.0, 0.0, 16.0, 16.0 ] },
                "down": { "texture": "#base", "uv": [ 0.0, 0.0, 16.0, 16.0 ] }
            }
        }
    ]
}