{
    "textures": {
		"texture": "#egg",
		"particle": "#egg"
    },
    "elements": [
        {
            "from": [ 3.0, 0.0, 3.0 ], 
            "to": [ 13.0, 8.0, 13.0 ], 
            "faces": {
                "north": { "texture": "#egg", "uv": [ 4.0, 4.0, 13.0, 11.0 ] },
                "east": { "texture": "#egg", "uv": [ 4.0, 4.0, 13.0, 11.0 ] },
                "south": { "texture": "#egg", "uv": [ 4.0, 4.0, 13.0, 11.0 ] },
                "west": { "texture": "#egg", "uv": [ 4.0, 4.0, 13.0, 11.0 ] },
                "up": { "texture": "#egg", "uv": [ 3.0, 3.0, 13.0, 13.0 ] },
                "down": { "texture": "#egg", "uv": [ 3.0, 3.0, 13.0, 13.0 ] }
            }
        },
        {
            "from": [ 4.0, 8.0, 4.0 ], 
            "to": [ 12.0, 10.5, 12.0 ], 
            "faces": {
                "north": { "texture": "#egg", "uv": [ 4.0, 7.0, 12.0, 9.5 ] },
                "east": { "texture": "#egg", "uv": [ 4.0, 6.0, 12.0, 8.5 ] },
                "south": { "texture": "#egg", "uv": [ 4.0, 6.0, 12.0, 8.5 ] },
                "west": { "texture": "#egg", "uv": [ 4.0, 6.0, 12.0, 8.5 ] },
                "up": { "texture": "#egg", "uv": [ 4.0, 3.0, 12.0, 11.0 ] },
                "down": { "texture": "#egg", "uv": [ 4.0, 4.0, 12.0, 12.0 ] }
            }
        },
        {
            "from": [ 13.0, 0.0, 4.0 ], 
            "to": [ 14.5, 6.5, 12.0 ], 
            "faces": {
                "north": { "texture": "#egg", "uv": [ 7.0, 5.0, 8.5, 10.5 ] },
                "east": { "texture": "#egg", "uv": [ 4.0, 5.0, 12.0, 11.5 ] },
                "south": { "texture": "#egg", "uv": [ 7.0, 5.0, 8.5, 10.5 ] },
                "west": { "texture": "#egg", "uv": [ 4.0, 5.0, 12.0, 11.5 ] },
                "up": { "texture": "#egg", "uv": [ 7.0, 4.0, 8.5, 13.0 ] },
                "down": { "texture": "#egg", "uv": [ 7.0, 4.0, 8.5, 13.0 ] }
            }
        },
        {
            "from": [ 1.5, 0.0, 4.0 ], 
            "to": [ 3.0, 6.5, 12.0 ], 
            "faces": {
                "north": { "texture": "#egg", "uv": [ 7.0, 5.0, 8.5, 10.5 ] },
                "east": { "texture": "#egg", "uv": [ 4.0, 5.0, 12.0, 11.5 ] },
                "south": { "texture": "#egg", "uv": [ 7.0, 5.0, 8.5, 10.5 ] },
                "west": { "texture": "#egg", "uv": [ 4.0, 5.0, 12.0, 11.5 ] },
                "up": { "texture": "#egg", "uv": [ 7.0, 4.0, 8.5, 13.0 ] },
                "down": { "texture": "#egg", "uv": [ 7.0, 4.0, 8.5, 13.0 ] }
            }
        },
        {
            "from": [ 3.5, 0.0, 13.0 ], 
            "to": [ 12.5, 6.5, 14.0 ], 
            "faces": {
                "north": { "texture": "#egg", "uv": [ 3.0, 6.0, 12.0, 10.5 ] },
                "east": { "texture": "#egg", "uv": [ 7.0, 5.0, 8.0, 10.5 ] },
                "south": { "texture": "#egg", "uv": [ 4.0, 5.0, 13.0, 10.5 ] },
                "west": { "texture": "#egg", "uv": [ 7.0, 5.0, 8.0, 10.5 ] },
                "up": { "texture": "#egg", "uv": [ 4.0, 7.0, 13.0, 8.0 ] },
                "down": { "texture": "#egg", "uv": [ 4.0, 8.0, 13.0, 9.0 ] }
            }
        },
        {
            "from": [ 3.5, 0.0, 2.0 ], 
            "to": [ 12.5, 6.5, 3.0 ], 
            "faces": {
                "north": { "texture": "#egg", "uv": [ 4.0, 5.0, 13.0, 9.5 ] },
                "east": { "texture": "#egg", "uv": [ 7.0, 5.0, 8.0, 10.5 ] },
                "south": { "texture": "#egg", "uv": [ 4.0, 5.0, 13.0, 10.5 ] },
                "west": { "texture": "#egg", "uv": [ 7.0, 5.0, 8.0, 10.5 ] },
                "up": { "texture": "#egg", "uv": [ 4.0, 7.0, 13.0, 8.0 ] },
                "down": { "texture": "#egg", "uv": [ 4.0, 7.0, 13.0, 8.0 ] }
            }
        },
        {
            "from": [ 6.2, 10.5, 5.0 ], 
            "to": [ 9.7, 10.9, 7.5 ], 
            "faces": {
                "north": { "texture": "#egg", "uv": [ 6.0, 7.0, 9.5, 7.4 ] },
                "east": { "texture": "#egg", "uv": [ 7.0, 7.0, 9.5, 7.4 ] },
                "south": { "texture": "#egg", "uv": [ 7.0, 7.0, 10.5, 7.4 ] },
                "west": { "texture": "#egg", "uv": [ 7.0, 7.0, 9.5, 7.4 ] },
                "up": { "texture": "#egg", "uv": [ 6.0, 6.0, 9.5, 8.5 ] },
                "down": { "texture": "#egg", "uv": [ 6.0, 6.0, 9.5, 8.5 ] }
            }
        }
    ]
}