{
    "elements": [
        {
            "name": "base",
            "from": [ 4.0, 0.0, 4.0 ], 
            "to": [ 16.0, 2.0, 12.0 ], 
            "faces": {
                "north": { "tintindex": 0, "texture": "#1", "uv": [ 2.0, 14.0, 14.0, 16.0 ], "rotation": 180 },
                "east": { "tintindex": 0, "texture": "#1", "uv": [ 2.0, 14.0, 10.0, 16.0 ] },
                "south": { "tintindex": 0, "texture": "#1", "uv": [ 14.0, 4.0, 16.0, 16.0 ], "rotation": 90 },
                "west": { "tintindex": 0, "texture": "#1", "uv": [ 2.0, 0.0, 0.0, 8.0 ], "rotation": 90 },
                "up": { "tintindex": 0, "texture": "#1", "uv": [ 2.0, 4.0, 14.0, 12.0 ] },
                "down": { "tintindex": 0, "texture": "#1", "uv": [ 2.0, 4.0, 14.0, 12.0 ] }
            }
        },
        {
            "name": "grout",
            "from": [ 5.0, 2.0, 4.0 ], 
            "to": [ 16.0, 3.0, 11.0 ], 
            "faces": {
                "north": { "tintindex": 0, "texture": "#1", "uv": [ 2.0, 13.0, 13.0, 14.0 ], "rotation": 180 },
                "east": { "tintindex": 0, "texture": "#1", "uv": [ 3.0, 13.0, 10.0, 14.0 ] },
                "south": { "tintindex": 0, "texture": "#1", "uv": [ 3.0, 13.0, 14.0, 14.0 ] },
                "west": { "tintindex": 0, "texture": "#1", "uv": [ 12.0, 0.0, 13.0, 7.0 ], "rotation": 270 },
                "up": { "tintindex": 0, "texture": "#1", "uv": [ 3.0, 0.0, 14.0, 7.0 ] }
            }
        },
        {
            "name": "base2",
            "from": [ 4.0, 0.0, 0.0 ], 
            "to": [ 12.0, 2.0, 4.0 ], 
            "faces": {
                "north": { "tintindex": 0, "texture": "#1", "uv": [ 2.0, 14.0, 10.0, 16.0 ] },
                "east": { "tintindex": 0, "texture": "#1", "uv": [ 2.0, 14.0, 6.0, 16.0 ] },
                "west": { "tintindex": 0, "texture": "#1", "uv": [ 2.0, 8.0, 0.0, 12.0 ], "rotation": 90 },
                "up": { "tintindex": 0, "texture": "#1", "uv": [ 2.0, 0.0, 10.0, 4.0 ] },
                "down": { "tintindex": 0, "texture": "#1", "uv": [ 2.0, 4.0, 10.0, 8.0 ] }
            }
        },
        {
            "name": "grout2",
            "from": [ 5.0, 2.0, 0.0 ], 
            "to": [ 12.0, 3.0, 4.0 ], 
            "faces": {
                "north": { "tintindex": 0, "texture": "#1", "uv": [ 2.0, 14.0, 9.0, 15.0 ] },
                "east": { "tintindex": 0, "texture": "#1", "uv": [ 2.0, 13.0, 6.0, 14.0 ] },
                "west": { "tintindex": 0, "texture": "#1", "uv": [ 14.0, 8.0, 13.0, 12.0 ], "rotation": 90 },
                "up": { "tintindex": 0, "texture": "#1", "uv": [ 2.0, 0.0, 9.0, 4.0 ] }
            }
        },
        {
            "name": "infill",
            "from": [ 12.0, 0.0, 2.0 ], 
            "to": [ 14.0, 3.0, 4.0 ], 
            "faces": {
                "north": { "tintindex": 0, "texture": "#1", "uv": [ 2.0, 13.0, 4.0, 16.0 ] },
                "east": { "tintindex": 0, "texture": "#1", "uv": [ 2.0, 13.0, 4.0, 16.0 ] },
                "up": { "tintindex": 0, "texture": "#1", "uv": [ 2.0, 0.0, 4.0, 2.0 ] },
                "down": { "tintindex": 0, "texture": "#1", "uv": [ 4.0, 4.0, 6.0, 6.0 ] }
            }
        },
        {
            "name": "Cube",
            "from": [ 4.0, 14.0, 4.0 ], 
            "to": [ 16.0, 16.0, 12.0 ], 
            "faces": {
                "north": { "tintindex": 0, "texture": "#1", "uv": [ 2.0, 14.0, 14.0, 16.0 ] },
                "east": { "tintindex": 0, "texture": "#1", "uv": [ 2.0, 14.0, 10.0, 16.0 ] },
                "south": { "tintindex": 0, "texture": "#1", "uv": [ 0.0, 4.0, 2.0, 16.0 ], "rotation": 90 },
                "west": { "tintindex": 0, "texture": "#1", "uv": [ 16.0, 0.0, 14.0, 8.0 ], "rotation": 90 },
                "up": { "tintindex": 0, "texture": "#1", "uv": [ 2.0, 4.0, 14.0, 12.0 ] },
                "down": { "tintindex": 0, "texture": "#1", "uv": [ 2.0, 4.0, 14.0, 12.0 ] }
            }
        },
        {
            "name": "Cube",
            "from": [ 5.0, 13.0, 4.0 ], 
            "to": [ 16.0, 14.0, 11.0 ], 
            "faces": {
                "north": { "tintindex": 0, "texture": "#1", "uv": [ 2.0, 13.0, 13.0, 14.0 ] },
                "east": { "tintindex": 0, "texture": "#1", "uv": [ 3.0, 13.0, 10.0, 14.0 ] },
                "south": { "tintindex": 0, "texture": "#1", "uv": [ 3.0, 13.0, 14.0, 14.0 ] },
                "west": { "tintindex": 0, "texture": "#1", "uv": [ 7.0, 0.0, 8.0, 7.0 ], "rotation": 270 },
                "down": { "tintindex": 0, "texture": "#1", "uv": [ 2.0, 0.0, 13.0, 7.0 ] }
            }
        },
        {
            "name": "Cube",
            "from": [ 4.0, 14.0, 0.0 ], 
            "to": [ 12.0, 16.0, 4.0 ], 
            "faces": {
                "north": { "tintindex": 0, "texture": "#1", "uv": [ 2.0, 14.0, 10.0, 16.0 ] },
                "east": { "tintindex": 0, "texture": "#1", "uv": [ 2.0, 14.0, 6.0, 16.0 ] },
                "west": { "tintindex": 0, "texture": "#1", "uv": [ 16.0, 8.0, 14.0, 12.0 ], "rotation": 90 },
                "up": { "tintindex": 0, "texture": "#1", "uv": [ 2.0, 0.0, 10.0, 4.0 ] },
                "down": { "tintindex": 0, "texture": "#1", "uv": [ 2.0, 4.0, 10.0, 8.0 ] }
            }
        },
        {
            "name": "Cube",
            "from": [ 5.0, 13.0, 0.0 ], 
            "to": [ 12.0, 14.0, 4.0 ], 
            "faces": {
                "north": { "tintindex": 0, "texture": "#1", "uv": [ 2.0, 14.0, 9.0, 15.0 ] },
                "east": { "tintindex": 0, "texture": "#1", "uv": [ 2.0, 13.0, 6.0, 14.0 ] },
                "west": { "tintindex": 0, "texture": "#1", "uv": [ 7.0, 8.0, 8.0, 12.0 ], "rotation": 270 },
                "down": { "tintindex": 0, "texture": "#1", "uv": [ 2.0, 7.0, 9.0, 11.0 ] }
            }
        },
        {
            "name": "Cube",
            "from": [ 12.0, 13.0, 2.0 ], 
            "to": [ 14.0, 16.0, 4.0 ], 
            "faces": {
                "north": { "tintindex": 0, "texture": "#1", "uv": [ 2.0, 0.0, 4.0, 3.0 ] },
                "east": { "tintindex": 0, "texture": "#1", "uv": [ 2.0, 5.0, 4.0, 8.0 ] },
                "up": { "tintindex": 0, "texture": "#1", "uv": [ 2.0, 0.0, 4.0, 2.0 ] },
                "down": { "tintindex": 0, "texture": "#1", "uv": [ 4.0, 4.0, 6.0, 6.0 ] }
            }
        }
    ]
}