{
    "elements": [
        {
            "name": "1b",
            "from": [ 12.9497, 0.0, 1.6360 ], 
            "to": [ 12.9497, 16.0, 14.3640 ], 
            "shade": false,
            "rotation": { "origin": [ 8.0, 8.0, 8.0 ], "axis": "y", "angle": 45.0 },
            "faces": {
                "east": { "texture": "#0", "uv": [ 1.0, 1.0, 15.0, 15.0 ] },
                "up": { "texture": "#-1", "uv": [ 7.0, 0.0, 9.0, 9.0 ] }
            }
        },
        {
            "name": "1a",
            "from": [ 12.2426, 0.0, 0.9289 ], 
            "to": [ 12.2426, 16.0, 15.0711 ], 
            "shade": false,
            "rotation": { "origin": [ 8.0, 8.0, 8.0 ], "axis": "y", "angle": 45.0 },
            "faces": {
                "west": { "texture": "#0", "uv": [ 15.0, 1.0, 1.0, 15.0 ] },
                "up": { "texture": "#-1", "uv": [ 7.0, 0.0, 9.0, 9.0 ] }
            }
        },
        {
            "name": "2b",
            "from": [ 15.0711, 0.0, 3.7574 ], 
            "to": [ 15.0711, 16.0, 12.2426 ], 
            "shade": false,
            "rotation": { "origin": [ 8.0, 8.0, 8.0 ], "axis": "y", "angle": 45.0 },
            "faces": {
                "east": { "texture": "#0", "uv": [ 4.0, 1.0, 12.0, 15.0 ] },
                "up": { "texture": "#-1", "uv": [ 7.0, 0.0, 9.0, 9.0 ] }
            }
        },
        {
            "name": "2a",
            "from": [ 14.3640, 0.0, 3.0503 ], 
            "to": [ 14.3640, 16.0, 12.9497 ], 
            "shade": false,
            "rotation": { "origin": [ 8.0, 8.0, 8.0 ], "axis": "y", "angle": 45.0 },
            "faces": {
                "west": { "texture": "#0", "uv": [ 13.0, 1.0, 5.0, 15.0 ] },
                "up": { "texture": "#-1", "uv": [ 7.0, 0.0, 9.0, 9.0 ] }
            }
        }
    ]
}