{
    "elements": [
        {
            "name": "Element",
            "from": [ 6.0, 3.0, 0.0 ], 
            "to": [ 7.0, 13.0, 16.0 ], 
            "shade": false,
            "faces": {
                "east": { "texture": "#0", "uv": [ 1.0, 0.0, 15.0, 16.0 ] },
                "west": { "texture": "#0", "uv": [ 15.0, 0.0, 1.0, 16.0 ] }
            }
        },
        {
            "name": "Branch",
            "from": [ 9.0, 3.0, 10.0 ], 
            "to": [ 10.0, 13.0, 16.0 ], 
            "shade": false,
            "faces": {
                "east": { "texture": "#0", "uv": [ 1.0, 0.0, 6.0, 16.0 ] },
                "west": { "texture": "#0", "uv": [ 6.0, 0.0, 1.0, 16.0 ] }
            }
        },
        {
            "name": "Branch",
            "from": [ 9.0, 3.0, 0.0 ], 
            "to": [ 10.0, 13.0, 6.0 ], 
            "shade": false,
            "faces": {
                "east": { "texture": "#0", "uv": [ 10.0, 0.0, 15.0, 16.0 ] },
                "west": { "texture": "#0", "uv": [ 15.0, 0.0, 10.0, 16.0 ] }
            }
        },
        {
            "name": "Stalkb",
            "from": [ 10.0, 3.0, 6.0 ], 
            "to": [ 16.0, 13.0, 7.0 ], 
            "shade": false,
            "faces": {
                "north": { "texture": "#0", "uv": [ 15.0, 0.0, 10.0, 16.0 ] },
                "south": { "texture": "#0", "uv": [ 10.0, 0.0, 15.0, 16.0 ] }
            }
        },
        {
            "name": "Stalka",
            "from": [ 10.0, 3.0, 9.0 ], 
            "to": [ 16.0, 13.0, 10.0 ], 
            "shade": false,
            "faces": {
                "north": { "texture": "#0", "uv": [ 15.0, 0.0, 10.0, 16.0 ] },
                "south": { "texture": "#0", "uv": [ 10.0, 0.0, 15.0, 16.0 ] }
            }
        },
        {
            "name": "Pillar",
            "from": [ 9.0, 3.0, 9.0 ], 
            "to": [ 10.0, 13.0, 10.0 ], 
            "shade": false,
            "faces": {
                "north": { "texture": "#0", "uv": [ 10.0, 0.0, 9.0, 16.0 ] },
                "west": { "texture": "#0", "uv": [ 6.0, 0.0, 7.0, 16.0 ] }
            }
        },
        {
            "name": "Pillar",
            "from": [ 9.0, 3.0, 6.0 ], 
            "to": [ 10.0, 13.0, 7.0 ], 
            "shade": false,
            "faces": {
                "south": { "texture": "#0", "uv": [ 9.0, 0.0, 10.0, 16.0 ] },
                "west": { "texture": "#0", "uv": [ 9.0, 0.0, 10.0, 16.0 ] }
            }
        }
    ]
}