{
    "elements": [
        {
            "name": "pane1",
            "from": [ 6.0, 3.0, 0.0 ], 
            "to": [ 7.0, 13.0, 12.375 ], 
            "shade": false,
            "faces": {
                "east": { "texture": "#0", "uv": [ 1.0, 1.0, 15.0, 15.8825 ] },
                "west": { "texture": "#0", "uv": [ 15.0, 1.0, 1.0, 15.8825 ] }
            }
        },
        {
            "name": "pane1a",
            "from": [ 6.0, 13.0, 0.0 ], 
            "to": [ 7.0, 16.0, 13.0 ], 
            "shade": false,
            "faces": {
                "east": { "texture": "#0", "uv": [ 1.0, 4.0, 16.0, 9.0 ] },
                "west": { "texture": "#0", "uv": [ 16.0, 4.0, 1.0, 9.0 ] }
            }
        },
        {
            "name": "pane1b",
            "from": [ 6.0, 3.0, 12.375 ], 
            "to": [ 7.0, 13.0, 16.0 ], 
            "shade": false,
            "faces": {
                "east": { "texture": "#0", "uv": [ 5.0, 0.0, 11.0, 16.0 ] },
                "west": { "texture": "#0", "uv": [ 11.0, 0.0, 5.0, 16.0 ] }
            }
        },
        {
            "name": "pane2",
            "from": [ 9.0, 3.0, 0.0 ], 
            "to": [ 10.0, 16.0, 12.375 ], 
            "shade": false,
            "faces": {
                "east": { "texture": "#0", "uv": [ 1.0, 1.0, 15.0, 15.8825 ] },
                "west": { "texture": "#0", "uv": [ 15.0, 1.0, 1.0, 15.8825 ] }
            }
        },
        {
            "name": "pane2a",
            "from": [ 9.0, 13.0, 0.0 ], 
            "to": [ 10.0, 16.0, 13.0 ], 
            "shade": false,
            "faces": {
                "east": { "texture": "#0", "uv": [ 0.0, 4.0, 16.0, 9.0 ] },
                "west": { "texture": "#0", "uv": [ 16.0, 4.0, 0.0, 9.0 ] }
            }
        },
        {
            "name": "pane2b",
            "from": [ 9.0, 3.0, 12.375 ], 
            "to": [ 10.0, 13.0, 16.0 ], 
            "shade": false,
            "faces": {
                "east": { "texture": "#0", "uv": [ 5.0, 0.0, 11.0, 16.0 ] },
                "west": { "texture": "#0", "uv": [ 11.0, 0.0, 5.0, 16.0 ] }
            }
        }
    ]
}