{
    "elements": [
        {
            "name": "1b",
            "from": [ 12.9497, 3.0, 1.636 ], 
            "to": [ 12.9497, 16.0, 14.364 ],
            "rotation": { "origin": [ 8.0, 8.0, 8.0 ], "axis": "y", "angle": 45.0 },
            "faces": {
                "east": { "texture": "#0", "uv": [ 1.0, 1.0, 15.0, 16.0 ] }
            }
        },
        {
            "name": "1a",
            "from": [ 12.2426, 3.0, 0.9289 ], 
            "to": [ 12.2426, 16.0, 15.0711 ], 
            "rotation": { "origin": [ 8.0, 8.0, 8.0 ], "axis": "y", "angle": 45.0 },
            "faces": {
                "west": { "texture": "#0", "uv": [ 15.0, 1.0, 1.0, 16.0 ] }
            }
        },
        {
            "name": "2b",
            "from": [ 15.0711, 3.0, 3.7574 ], 
            "to": [ 15.0711, 16.0, 12.2426 ], 
            "rotation": { "origin": [ 8.0, 8.0, 8.0 ], "axis": "y", "angle": 45.0 },
            "faces": {
                "east": { "texture": "#0", "uv": [ 4.0, 1.0, 12.0, 16.0 ] }
            }
        },
        {
            "name": "2a",
            "from": [ 14.364, 3.0, 3.0503 ], 
            "to": [ 14.364, 16.0, 12.9497 ], 
            "rotation": { "origin": [ 8.0, 8.0, 8.0 ], "axis": "y", "angle": 45.0 },
            "faces": {
                "west": { "texture": "#0", "uv": [ 13.0, 1.0, 5.0, 16.0 ] }
            }
        }
    ]
}