{
    "elements": [
        {
            "name": "pane1",
            "from": [ 6.0, 3.0, 3.0 ], 
            "to": [ 7.0, 13.0, 13.0 ], 
            "shade": false,
            "faces": {
                "east": { "texture": "#0", "uv": [ 0.0, 0.0, 16.0, 16.0 ] },
                "west": { "texture": "#0", "uv": [ 16.0, 0.0, 0.0, 16.0 ] }
            }
        },
        {
            "name": "pane2",
            "from": [ 9.0, 3.0, 3.0 ], 
            "to": [ 10.0, 13.0, 13.0 ], 
            "shade": false,
            "faces": {
                "east": { "texture": "#0", "uv": [ 0.0, 0.0, 16.0, 16.0 ] },
                "west": { "texture": "#0", "uv": [ 16.0, 0.0, 0.0, 16.0 ] }
            }
        }
    ]
}